,be_num,num,sm_eqv,total,client_id,is_fraud
0,1,250,0.565000000000000,10,2,No
1,2,251,1,15,3,No
2,4,253,1,15,10,No
3,5,254,2,4800,14,No
4,7,256,2,39000,11,No
5,8,257,1,15000,11,No
6,9,258,2,1200,10,No
7,10,259,1,12000,28,No
8,11,260,2,30000,25,No
9,12,261,2,39000,11,No
10,13,262,1.24219000000000,23500,14,No
11,14,263,5,39000,27,No
12,15,265,1,12000,11,No
13,16,264,1,15000,28,No
14,17,266,2.80000000000000,16800,4,No
15,18,267,1,12000,11,No
16,19,268,1.34000000000000,7200,4,No
17,20,269,0.244475000000000,1200,9,No
18,21,270,1,12000,10,No
19,22,271,1.35000000000000,8400,37,No
20,23,272,1,15000,25,No
21,24,273,1.30420000000000,8300,1,No
22,25,274,1,20000,11,No
23,26,275,6,72000,41,Yes
24,27,276,0.615000000000000,8000,9,No
25,28,277,3,19800,4,No
26,29,278,1,12000,11,No
27,30,279,4,5400,17,No
28,31,280,9,120000,7,Yes
29,32,281,1,15000,10,No
30,33,282,1,13500,11,No
31,34,283,2,15000,10,No
32,35,284,1,15000,44,No
33,36,285,0.200000000000000,3000,47,No
34,37,286,5.34750000000000,37600,51,No
35,38,287,1,12000,7,No
36,39,288,1,13500,11,No
37,40,289,1,19000,28,No
38,41,290,1,6000,17,No
39,42,291,2,20000,32,No
40,43,292,1,12000,10,No
41,44,293,1,13000,10,No
42,45,294,1,12000,11,No
43,46,295,0.0180000000000000,2400,58,No
44,47,296,1,12000,11,No
45,48,297,1,12000,10,No
46,49,298,2,36000,17,No
47,50,299,0.940500000000000,7200,4,No
48,51,300,1,14000,11,No
49,52,301,2,20000,32,No
50,53,302,1,13500,11,No
51,54,303,1,7000,14,No
52,55,304,3,43500,11,No
53,56,305,2,20000,32,No
54,57,306,1,15000,28,No
55,59,308,1,13500,11,No
56,60,309,1,7800,4,No
57,62,310,1,2400,8,No
58,63,312,1,13500,11,No
59,64,313,1,6000,6,No
60,65,314,1,13500,11,No
61,66,315,8,99000,7,Yes
62,67,316,1.40000000000000,4800,4,No
63,68,317,1,13000,10,No
64,69,318,1,15000,2,No
65,70,319,1,13500,11,No
66,71,320,1,13500,28,No
67,72,321,1,13500,11,No
68,73,322,1,15000,64,No
69,74,323,2,24000,17,No
70,75,324,5.78500000000000,31200,4,No
71,76,325,0.242000000000000,6400,17,No
72,77,326,4,100000,68,Yes
73,78,327,1,15000,11,No
74,79,328,2,29200,8,No
75,82,331,2,30000,10,No
76,83,332,4.55550000000000,80000,69,Yes
77,84,333,4,60000,57,No
78,85,334,1.32700000000000,30200,1,No
79,86,335,1,12000,28,No
80,88,337,1.82600000000000,18000,28,No
81,89,338,1,15000,11,No
82,90,339,1,17000,70,No
83,91,340,1,27000,14,No
84,92,341,1,1800,6,No
85,93,342,0.796500000000000,12000,10,No
86,94,343,0.326000000000000,600,6,No
87,95,344,3,75000,68,Yes
88,96,345,2,27000,11,No
89,101,350,0.600000000000000,6400,4,No
90,100,349,1,12000,23,No
91,102,307,0,37800,1,No
92,103,329,2,40000,28,No
93,105,346,1,15000,10,No
94,106,347,1,17500,11,No
95,109,351,0.5,30000,69,No
96,110,352,0.815000000000000,12000,71,No
97,112,353,4,54000,72,No
98,113,354,3,45000,69,No
99,114,357,2,27000,11,No
100,115,355,1,15000,10,No
101,116,356,1,13500,28,No
102,118,359,1,12000,17,No
103,117,358,1,18400,1,No
104,119,360,1,18000,10,No
105,108,361,1,12000,12,No
106,121,362,0.5,2400,6,No
107,122,363,1,27000,11,No
108,123,364,1,19500,11,No
109,124,365,0.600000000000000,20000,24,No
110,125,366,1,15000,10,No
111,126,367,2.34500000000000,16800,4,No
112,127,368,2,33000,17,No
113,128,370,9,129000,7,Yes
114,129,371,3,15000,11,No
115,130,369,2,24000,57,No
116,131,374,1,28000,74,No
117,132,372,1,15000,10,No
118,133,373,2,20000,32,No
119,134,375,1,12000,75,No
120,135,376,1,14500,28,No
121,139,380,2,28000,76,No
122,136,377,1,12000,23,No
123,137,378,0.703390000000000,16000,12,No
124,138,379,1,15000,11,No
125,140,381,2,20000,32,No
126,145,382,1,14000,28,No
127,144,383,1,7000,28,No
128,147,384,1,17400,68,No
129,148,385,0.180000000000000,5400,54,No
130,149,386,2,6000,1,No
131,150,387,2.01000000000000,14400,77,No
132,151,388,0.725000000000000,15000,28,No
133,152,389,1.02686200000000,3600,78,No
134,153,390,5,72000,7,No
135,154,391,2,20000,79,No
136,155,392,7,101000,55,Yes
137,156,393,1,14000,55,No
138,158,394,2,20000,32,No
139,159,395,1,16000,10,No
140,160,396,1,12000,28,No
141,161,397,1,11000,12,No
142,162,398,0.5,3600,80,No
143,163,399,1,16000,11,No
144,164,400,0.182000000000000,5400,12,No
145,165,402,2,24000,57,No
146,168,404,4,48000,38,No
147,167,401,3,48000,2,No
148,170,403,2,29000,10,No
149,171,405,2,29000,11,No
150,172,407,1,15000,10,No
151,174,409,5,60000,7,No
152,175,410,5,55000,8,No
153,176,411,2,28500,34,No
154,177,412,2,12000,4,No
155,173,408,2,0,11,No
156,179,413,0.275000000000000,10000,24,No
157,178,414,1,5400,8,No
158,182,418,10,84000,27,Yes
159,181,417,2,12000,57,No
160,183,416,0.700000000000000,8400,27,No
161,180,415,1,16500,34,No
162,186,420,1,15000,3,No
163,184,422,1,11000,38,No
164,188,421,1,15000,81,No
165,187,424,1,7000,10,No
166,189,425,0.705000000000000,20000,10,No
167,185,423,3,42000,11,No
168,190,426,8.57000000000000,23400,4,Yes
169,192,427,1,12000,28,No
170,194,428,5,84000,33,Yes
171,191,429,3,45000,7,No
172,195,432,3,28000,34,No
173,197,433,1,12000,10,No
174,193,430,6,0,28,Yes
175,196,434,3,45000,7,No
176,199,435,1,12000,72,No
177,200,437,1,12000,51,No
178,201,438,2,30000,34,No
179,203,439,1,0,10,No
180,207,440,10,84000,27,Yes
181,206,441,4,24000,11,No
182,205,442,0.552500000000000,5400,10,No
183,208,443,1,6000,6,No
184,212,449,2.51096800000000,0,82,No
185,210,447,2,15000,11,No
186,211,450,1,6000,10,No
187,214,448,1,20000,84,No
188,217,446,0.314000000000000,20000,83,No
189,218,451,2,30000,85,No
190,215,452,4,6000,17,No
191,222,455,15,73200,47,Yes
192,209,454,1,11000,12,No
193,221,456,3,36000,7,No
194,223,459,4.21825000000000,34500,86,No
195,224,457,1,14500,11,No
196,226,461,1,12000,38,No
197,228,462,0.582500000000000,15000,11,No
198,229,463,12,117000,8,Yes
199,230,464,2,29000,10,No
200,231,467,4,54000,87,No
201,232,466,1,15000,10,No
202,233,46,2,20000,32,No
203,237,468,6,72000,7,Yes
204,238,471,2,20000,88,No
205,235,470,1.375,8400,34,No
206,234,469,1,13500,33,No
207,239,472,2,28000,31,No
208,240,473,14,123000,89,Yes
209,242,474,4,60000,2,No
210,241,476,3,33000,17,No
211,243,475,1,10000,25,No
212,244,477,3.30000000000000,30000,15,No
213,245,478,1,15000,44,No
214,250,484,2,20000,32,No
215,249,481,4.34000000000000,72500,90,Yes
216,246,483,4,11000,38,No
217,252,482,2,42000,91,No
218,251,485,2,26500,10,No
219,253,486,1,12000,16,No
220,254,487,2,30000,36,No
221,256,489,6,36000,92,Yes
222,257,490,5,42000,27,No
223,258,491,1,22500,10,No
224,259,492,6,72000,7,Yes
225,260,493,1.84000000000000,24200,93,No
226,261,494,2,15000,10,No
227,262,495,2,14000,11,No
228,263,496,1,20000,69,No
229,264,497,1,15000,7,No
230,266,498,2.33885000000000,16500,94,No
231,265,499,3,41000,17,No
232,270,502,3,45000,95,No
233,267,503,2,39000,11,No
234,268,500,1,12000,10,No
235,271,504,0.555000000000000,16000,10,No
236,273,506,3,25000,96,No
237,274,507,2.39793600000000,45000,33,No
238,272,505,1.13500000000000,18000,10,No
239,275,508,2,20000,32,No
240,276,509,1,16000,10,No
241,277,510,1,17500,10,No
242,278,511,1,12000,10,No
243,281,514,1,16000,10,No
244,280,513,1.73250000000000,26000,98,No
245,279,512,1,33000,97,No
246,282,515,0.230000000000000,7000,33,No
247,283,516,5,60000,99,Yes
248,284,517,1,15000,10,No
249,286,518,5,67500,34,No
250,287,519,2,18000,100,No
251,290,522,1,15000,10,No
252,289,520,1,15000,97,No
253,288,523,2,23100,34,No
254,292,521,1,25200,46,No
255,293,525,2,30000,99,No
256,297,528,1,15000,10,No
257,295,527,1,17100,34,No
258,294,526,1.5,24000,7,No
259,296,529,1,19500,11,No
260,301,533,1,12900,34,No
261,300,532,5,42000,27,No
262,299,531,0.5,12000,102,No
263,298,530,1.19500000000000,39000,101,No
264,302,535,1,12000,10,No
265,303,536,1,9000,20,No
266,304,538,1,15000,103,No
267,305,537,0.470000000000000,24000,28,No
268,285,534,2,24000,28,No
269,269,501,6,42000,28,No
270,247,479,11,69000,28,Yes
271,306,539,1,7500,34,No
272,307,540,0.25,7000,104,No
273,308,541,1,6000,105,No
274,310,543,5,42000,27,No
275,309,542,2,24000,11,No
276,311,544,4,22000,34,No
277,314,546,0.236854000000000,6000,10,No
278,313,545,0.387500000000000,9000,106,No
279,316,547,0.392000000000000,4200,27,No
280,317,548,1,7600,4,No
281,318,549,1.26000000000000,15000,107,No
282,319,551,1,15000,11,No
283,320,550,2,30000,29,No
284,321,552,0.740000000000000,24000,22,No
285,322,553,0.5,3000,11,No
286,312,554,1,3000,10,No
287,324,555,0.400000000000000,12500,10,No
288,331,560,1,17500,10,No
289,328,559,3,39000,108,No
290,329,558,1.32500000000000,15000,38,No
291,332,561,1,12000,29,No
292,334,562,1,12000,109,No
293,325,556,1,37800,1,No
294,335,563,1,3500,110,No
295,336,564,0.177800000000000,6000,34,No
296,330,557,2,41400,34,No
297,338,566,1,13500,11,No
298,339,567,0.0399300000000000,1400,112,No
299,340,568,1,15000,11,No
300,341,569,4,40000,32,No
301,342,570,1,12000,109,No
302,344,571,1.50830000000000,18000,99,No
303,343,572,2,32500,10,No
304,345,573,1,9000,34,No
305,347,574,2,12000,11,No
306,349,575,1,12000,11,No
307,350,576,7,44000,17,Yes
308,351,577,1,14000,29,No
309,352,578,1,12000,11,No
310,354,580,1,15500,11,No
311,355,581,0.5,12000,11,No
312,357,583,0.443888000000000,6000,6,No
313,353,579,1,12000,28,No
314,359,585,0.181200000000000,1200,6,No
315,360,586,2,0,1,No
316,361,587,1,20000,113,No
317,356,582,4.82250000000000,21000,17,No
318,337,565,1.125,15000,111,No
319,363,589,1,600,10,No
320,362,588,1,12000,106,No
321,364,590,1,12000,29,No
322,365,591,0.260904000000000,12000,29,No
323,366,592,2,18000,38,No
324,368,594,0.600000000000000,6000,38,No
325,369,595,0.101250000000000,3000,10,No
326,367,593,4,21000,34,No
327,370,596,0.125,6000,11,No
328,371,252,4,58500,7,No
329,373,598,0.460000000000000,2400,77,No
330,374,255,1.35000000000000,23000,7,No
331,377,602,3,30000,17,No
332,375,601,1,12000,34,No
333,372,597,1.18423800000000,16200,34,No
334,378,603,0.110000000000000,3000,114,No
335,379,604,2,43500,65,No
336,376,605,1,7500,11,No
337,380,606,0.5,7000,11,No
338,381,330,1,12000,28,No
339,382,336,1.35000000000000,7200,4,No
340,383,607,1,12000,33,No
341,107,348,1.72900000000000,12800,6,No
342,389,613,6.93000000000000,63000,4,Yes
343,387,611,1,13500,11,No
344,392,617,0.400000000000000,6000,25,No
345,393,618,2,20000,32,No
346,391,616,2,21000,10,No
347,386,610,2,12000,69,No
348,385,609,5.42500000000000,12000,115,Yes
349,396,621,2,34000,12,No
350,397,622,1,16000,29,No
351,358,584,12,224000,12,Yes
352,399,624,0.200000000000000,5400,1,No
353,398,623,0.400000000000000,3000,11,No
354,395,620,1,10500,10,No
355,394,619,0.448000000000000,14000,10,No
356,400,625,0.360000000000000,2400,51,No
357,401,626,24,208000,89,Yes
358,402,627,4,5400,51,No
359,403,628,1,15000,55,No
360,405,630,2,20000,32,No
361,407,632,0.75,7500,11,No
362,406,631,1,7500,11,No
363,404,629,1,21500,10,No
364,408,615,1,21000,33,No
365,390,614,3,33000,33,No
366,388,612,0.780800000000000,14400,1,No
367,409,608,9,120000,65,Yes
368,413,636,1,1200,1,No
369,411,634,2,13800,84,No
370,412,635,2,36000,117,No
371,410,633,1,10000,116,No
372,415,638,0.5,12000,11,No
373,416,639,1,15000,117,No
374,418,640,2,12000,11,No
375,417,641,1,14000,28,No
376,419,642,1.32000000000000,9600,15,No
377,421,644,0.25,7500,11,No
378,420,643,5,60000,69,Yes
379,422,645,1,15000,10,No
380,423,646,1,15000,11,No
381,424,647,0.5,3000,11,No
382,425,648,4,4800,46,No
383,426,649,0.711000000000000,4000,77,No
384,427,650,1,12000,33,No
385,428,651,1,12000,10,No
386,429,652,1,12000,11,No
387,430,653,3.54000000000000,66500,17,No
388,431,654,0.160000000000000,1800,34,No
389,432,655,0.327600000000000,14100,11,No
390,434,657,1,12000,10,No
391,433,656,6,90000,118,Yes
392,198,436,1,29500,10,No
393,435,658,0.365000000000000,10500,11,No
394,437,660,2,20000,32,No
395,438,661,2,20000,16,No
396,439,662,3,45000,118,No
397,436,659,0.195000000000000,7800,28,No
398,414,637,1,0,28,No
399,440,663,1,12000,34,No
400,441,664,0.28125,10800,33,No
401,444,668,0.135000000000000,3000,11,No
402,443,666,1,12000,33,No
403,445,667,0.900000000000000,15000,28,No
404,442,665,1.42400000000000,46500,10,No
405,446,669,1,15500,10,No
406,447,670,1,19500,11,No
407,448,671,1,27500,10,No
408,451,674,8.37400000000000,109000,17,Yes
409,452,675,2,30000,12,No
410,449,672,2,30000,12,No
411,453,676,2,30000,120,No
412,454,677,1.60000000000000,10800,121,No
413,450,673,5,18000,119,Yes
414,455,678,1,12000,10,No
415,456,679,0.200000000000000,5400,1,No
416,457,680,2,20000,32,No
417,459,682,0.570000000000000,12600,10,No
418,461,684,2,2000,16,No
419,462,685,1,30000,11,No
420,460,683,1.07000000000000,29400,1,No
421,458,681,1,30000,11,No
422,463,686,0.472500000000000,15000,28,No
423,464,687,2,30000,29,No
424,465,688,0.25,9000,1,No
425,466,689,1,15000,10,No
426,467,690,1,6000,29,No
427,468,691,1,15000,10,No
428,477,700,0.400000000000000,6000,51,No
429,478,701,1,15000,122,No
430,476,699,2,24000,34,No
431,481,705,1,15000,29,No
432,480,704,0.5,14000,123,No
433,479,703,7,5400,100,Yes
434,474,697,7,87000,34,Yes
435,482,702,2,30000,51,No
436,483,706,4,32000,109,No
437,484,707,1,12000,51,No
438,485,708,1,6000,124,No
439,486,709,2,20000,32,No
440,473,694,0.480000000000000,8000,28,No
441,487,710,4.80000000000000,86000,104,Yes
442,488,711,0.185000000000000,6000,17,No
443,489,712,1,12000,51,No
444,490,713,1,2400,33,No
445,492,715,2,20000,96,No
446,491,714,1,10500,10,No
447,493,716,1,15000,34,No
448,494,717,1,10500,10,No
449,495,718,1,12000,11,No
450,496,719,1,16000,10,No
451,500,723,1,10500,10,No
452,498,721,0.25,3500,23,No
453,501,724,0.450000000000000,7000,28,No
454,497,720,1.37250000000000,32000,34,No
455,502,725,1,15000,12,No
456,503,726,0.100000000000000,1500,10,No
457,505,728,2,20000,32,No
458,506,732,1,15000,11,No
459,508,731,1.43640000000000,32000,125,No
460,507,729,0.448000000000000,24000,10,No
461,509,730,0.170000000000000,3000,12,No
462,504,727,1,14500,11,No
463,499,722,4,60000,17,No
464,510,733,1,15000,10,No
465,511,734,16,214000,7,Yes
466,512,735,1,8000,10,No
467,515,738,2,20000,7,No
468,513,737,1,14000,11,No
469,514,736,1,12000,32,No
470,516,740,0.420000000000000,14000,11,No
471,517,739,2.49090000000000,16200,17,No
472,520,743,1,12000,11,No
473,519,742,1,15500,11,No
474,518,741,2,31000,10,No
475,522,745,3,45000,126,No
476,523,746,1,18000,4,No
477,524,747,1,8000,10,No
478,526,749,1,14500,11,No
479,528,751,1,13500,11,No
480,530,753,1,10000,16,No
481,529,752,2.03703800000000,45000,58,No
482,527,750,1,31400,127,No
483,531,754,2,18000,34,No
484,532,755,2,18000,34,No
485,535,758,1.29500000000000,18000,29,No
486,533,756,1,12000,23,No
487,536,759,1,3600,128,No
488,534,757,2.63020000000000,23400,34,No
489,537,760,2,20000,32,No
490,538,761,0.25,7700,1,No
491,521,744,4,43000,1,No
492,525,748,0.800000000000000,16000,10,No
493,539,762,0.885000000000000,16200,34,No
494,540,763,1,9600,34,No
495,541,764,1,12000,11,No
496,543,766,0.160000000000000,3000,51,No
497,542,765,0.438000000000000,7800,34,No
498,544,767,1,12000,11,No
499,545,768,1,3000,17,No
500,546,769,2,12000,11,No
501,548,771,1.63550000000000,38000,115,No
502,547,770,1,15000,11,No
503,549,772,0.110000000000000,5000,97,No
504,550,773,0.627725000000000,12000,33,No
505,552,775,1,18500,11,No
506,556,779,3,96000,25,Yes
507,553,777,2,30000,12,No
508,557,780,1,15000,11,No
509,559,783,0.303500000000000,12000,33,No
510,555,778,2,31000,10,No
511,561,796,1,12000,11,No
512,562,785,0.444100000000000,10200,12,No
513,558,782,6,84600,17,Yes
514,554,776,0.236000000000000,3000,17,No
515,551,774,1,3000,12,No
516,564,788,1,12000,11,No
517,563,787,1.30000000000000,26400,129,No
518,565,789,4,31200,44,No
519,560,784,1,3000,12,No
520,566,790,1,12000,11,No
521,567,791,1,0,10,No
522,568,792,4,36000,12,No
523,570,794,2,24000,130,No
524,569,793,2,6000,12,No
525,571,795,0.936200000000000,6000,66,No
526,573,797,2,30000,12,No
527,572,786,1.30000000000000,24500,11,No
528,574,798,1,12000,51,No
529,575,799,2,30000,12,No
530,576,800,29.1000000000000,349200,131,Yes
531,577,801,2,32500,10,No
532,579,803,4,31200,44,No
533,578,802,0.0630000000000000,24000,38,No
534,580,804,0.630000000000000,3000,12,No
535,583,807,1,15000,10,No
536,582,806,0.100000000000000,4200,37,No
537,581,805,1,17500,10,No
538,584,808,1,14500,11,No
539,585,809,1,14000,132,No
540,586,810,2,20000,32,No
541,587,811,0.450000000000000,7200,1,No
542,589,812,0.235000000000000,0,1,No
543,588,813,2,39000,10,No
544,590,814,0.0297000000000000,3000,10,No
545,593,817,1,24000,10,No
546,594,818,4,45000,17,No
547,595,819,0.531800000000000,19500,99,No
548,596,820,0.370000000000000,7000,10,No
549,597,821,2,24000,10,No
550,598,822,2,24000,10,No
551,599,823,0.160000000000000,5000,37,No
552,600,824,11,33000,51,Yes
553,601,825,1,15000,103,No
554,592,816,4,48000,33,No
555,604,828,1.70000000000000,17400,12,No
556,603,827,1,7000,34,No
557,602,826,0.382300000000000,10800,34,No
558,607,830,2,24000,7,No
559,613,833,2,14000,25,No
560,614,834,0.100000000000000,3000,10,No
561,616,836,1,12000,10,No
562,615,835,2,24000,10,No
563,608,837,4,15000,12,No
564,618,839,1,15000,10,No
565,617,838,4,6000,117,No
566,620,841,1,6000,10,No
567,623,845,1,15000,10,No
568,632,853,0.280500000000000,7000,17,No
569,633,854,1,15000,10,No
570,630,851,0.320000000000000,7600,34,No
571,619,840,2,30000,117,No
572,624,846,0.550000000000000,15500,34,No
573,629,850,1,15000,10,No
574,635,856,3,24000,7,No
575,631,852,2,6000,12,No
576,636,857,0.630000000000000,30000,12,No
577,637,858,14,84000,4,Yes
578,640,860,0.700000000000000,7500,57,No
579,639,862,1,11400,57,No
580,638,859,5,15000,57,No
581,642,863,1,12000,51,No
582,644,865,0.338100000000000,7200,12,No
583,643,864,1,18000,10,No
584,641,861,2,6000,117,No
585,645,866,0.276250000000000,6000,12,No
586,628,849,1.06675000000000,36000,33,No
587,612,832,9,54000,51,Yes
588,621,842,0.896750000000000,18000,34,No
589,622,844,5,63000,34,No
590,646,867,2,30000,117,No
591,647,868,3,36000,7,No
592,606,829,1,12000,10,No
593,626,847,2,30000,30,No
594,627,848,1,12000,10,No
595,648,869,1,6000,10,No
596,649,870,1,6000,10,No
597,658,879,1,15000,133,No
598,657,87,2,30000,47,No
599,655,875,1,15000,55,No
600,654,876,2,20000,32,No
601,653,874,2,24000,34,No
602,634,855,2.16000000000000,9000,34,No
603,659,880,1.56100000000000,27500,10,No
604,656,877,1.35600000000000,19500,10,No
605,652,873,2,30000,17,No
606,651,872,1,15000,10,No
607,650,871,0.812950000000000,90000,33,Yes
608,660,881,0.630000000000000,6000,38,No
609,661,882,0.102300000000000,3000,34,No
610,662,883,2,0,10,No
611,664,885,3,12600,57,No
612,666,887,1,15000,10,No
613,663,884,1,13000,10,No
614,665,886,0.146200000000000,4900,23,No
615,667,888,0.114125000000000,6000,33,No
616,668,889,4,40000,32,No
617,669,890,1,15000,10,No
618,673,893,12,72000,4,Yes
619,674,894,1,6000,124,No
620,672,892,2,20000,32,No
621,671,891,0.400000000000000,6000,134,No
622,675,895,0.135000000000000,3000,1,No
623,676,896,1,6000,10,No
624,677,897,1,6000,10,No
625,678,898,1,12000,34,No
626,680,900,2,31000,10,No
627,679,899,0.910100000000000,31200,34,No
628,681,901,4.32400000000000,61200,17,No
629,682,902,4,21000,15,No
630,683,903,1,15000,10,No
631,684,904,0.166000000000000,8000,10,No
632,685,905,1,12000,10,No
633,686,906,1,15500,10,No
634,687,907,2,30000,109,No
635,688,908,1,12000,10,No
636,689,909,1,909,10,No
637,691,911,0.350000000000000,10500,10,No
638,690,910,1,6000,10,No
639,692,912,1,24000,10,No
640,693,913,1,48000,135,Yes
641,694,914,5,12000,28,No
642,695,915,4,12000,28,No
643,697,917,1,12000,10,No
644,696,916,0.410900000000000,10500,135,No
645,698,918,1,12000,10,No
646,699,919,1,6000,136,No
647,701,920,1,920,10,No
648,700,921,3,0,28,No
649,702,922,2,28200,55,No
650,703,923,2,27600,17,No
651,704,924,2,12000,28,No
652,707,927,1,12000,10,No
653,706,926,1,12000,28,No
654,708,928,1,27000,10,No
655,709,929,4,24000,137,No
656,705,925,1,12000,28,No
657,711,931,0.5,12000,28,No
658,710,930,1,9600,1,No
659,712,932,6,90000,117,Yes
660,713,933,4,40000,32,No
661,714,934,1,12000,10,No
662,715,935,0.600000000000000,15000,10,No
663,716,936,1,12000,10,No
664,717,937,0.745000000000000,14000,34,No
665,718,938,1,21000,10,No
666,719,939,1,12000,10,No
667,720,940,2,27000,10,No
668,721,941,1,15000,138,No
669,722,942,1.51280000000000,3600,77,No
670,723,943,2,24000,10,No
671,724,944,1.03850000000000,3600,77,No
672,725,945,1,22500,10,No
673,726,946,2,33000,17,No
674,728,948,0.25,15000,138,No
675,731,951,1,12000,10,No
676,732,952,2,20000,32,No
677,733,953,0.565000000000000,8000,10,No
678,734,954,4,62000,29,No
679,735,955,4.88000000000000,36000,77,No
680,737,957,2,20000,32,No
681,736,956,7,119000,140,Yes
682,738,958,1,14000,17,No
683,740,960,1,15000,12,No
684,739,950,5,81300,1,Yes
685,741,961,1,12000,115,No
686,742,963,1,6300,141,No
687,743,962,16,112000,89,Yes
688,748,968,0.5,12000,69,No
689,747,967,0.722000000000000,5400,66,No
690,746,966,0.375,8000,10,No
691,749,969,1,15000,29,No
692,750,970,0.358800000000000,14400,18,No
693,751,971,1,15000,10,No
694,754,973,0.0215000000000000,8000,10,No
695,755,974,1,6000,124,No
696,745,965,1,8000,28,No
697,757,976,5,54000,2,No
698,760,979,0.550000000000000,15500,28,No
699,759,978,1,12000,142,No
700,761,980,2,20000,32,No
701,762,981,1.71000000000000,31000,10,No
702,744,964,4,60000,12,No
703,771,991,1,13500,10,No
704,770,990,0.454860000000000,20000,145,No
705,769,989,1,6000,115,No
706,768,988,4,54000,3,No
707,767,987,1,12000,144,No
708,766,986,15,90000,143,Yes
709,772,992,0.577500000000000,19000,10,No
710,773,993,1,12000,10,No
711,774,994,1,12000,60,No
712,775,995,1,12000,141,No
713,776,996,5,75000,8,No
714,777,997,1,2400,28,No
715,778,998,2,16000,55,No
716,779,999,1,1200,28,No
717,780,1000,1,14000,28,No
718,782,1002,1,0,10,No
719,783,1003,2,24000,33,No
720,781,1004,3,17000,34,No
721,789,1009,2,24000,10,No
722,785,1005,4,57000,28,No
723,795,1017,1,12000,43,No
724,796,1018,2,7200,15,No
725,797,1019,0.25,1800,37,No
726,794,1016,6,62400,117,Yes
727,798,1020,1,24000,1,No
728,799,1021,1,6000,117,No
729,784,1013,1,11400,34,No
730,793,1014,4.5,30000,15,No
731,791,1012,0.320000000000000,7800,12,No
732,800,1011,0.240000000000000,7800,1,No
733,790,1010,3.19200000000000,19200,4,No
734,788,1008,0.400000000000000,3000,33,No
735,787,1007,1,15000,146,No
736,786,1006,4,40000,32,No
737,801,1022,0.397000000000000,12000,28,No
738,802,1023,1,33500,34,No
739,803,1025,1,10000,116,No
740,804,1024,5,60000,148,Yes
741,805,1026,1,17400,1,No
742,806,1027,1,12000,10,No
743,807,1028,0.108000000000000,5400,84,No
744,808,1015,0.400000000000000,20000,127,No
745,810,1030,1,22500,115,No
746,809,1029,6,144000,149,Yes
747,814,1034,1,18000,10,No
748,812,1032,5,54000,2,No
749,813,1033,4,72000,33,No
750,815,1035,0.327500000000000,7000,7,No
751,817,1037,1,12000,10,No
752,820,1040,0.420000000000000,3000,117,No
753,821,41,1,14000,10,No
754,822,1042,3,32000,32,No
755,823,1043,0.200000000000000,3000,57,No
756,824,1044,0.25,7500,57,No
757,825,1045,2,20000,32,No
758,826,1046,20,140000,89,Yes
759,827,1047,2,12000,150,No
760,829,1049,2,18000,28,No
761,831,52,1,4000,10,No
762,834,1055,0.295000000000000,3000,10,No
763,832,1053,2,20000,32,No
764,835,1056,1,12000,69,No
765,837,1057,1,14000,10,No
766,836,1058,1,14000,10,No
767,841,1062,1,10800,152,No
768,840,1061,1,12000,151,No
769,838,1059,1.10000000000000,21000,34,No
770,842,1063,4,24000,115,No
771,843,1064,1,12000,10,No
772,846,1067,2,20000,32,No
773,845,1066,1,15000,44,No
774,850,1071,0.525000000000000,2400,51,No
775,849,1070,1,14500,10,No
776,848,1069,4,19200,51,No
777,851,1072,0.200000000000000,4200,117,No
778,852,1073,1,12000,10,No
779,853,1074,1,15000,10,No
780,854,1075,1,6000,98,No
781,855,1076,3,55500,3,No
782,856,1077,0.240000000000000,6000,37,No
783,857,1078,2,12000,51,No
784,858,1079,2.60500000000000,12000,29,No
785,859,1080,10,120000,36,Yes
786,860,1081,3,14000,28,No
787,864,1086,1,15000,10,No
788,868,1090,1,15000,29,No
789,869,1091,5,70200,66,Yes
790,870,1092,4,24000,15,No
791,871,1093,3.66000000000000,27000,120,No
792,873,1095,2.44000000000000,18000,120,No
793,865,1097,2.39000000000000,24000,28,No
794,874,1087,1,15000,10,No
795,875,1096,1,21000,133,No
796,876,1098,1,15000,10,No
797,877,1099,1,12000,10,No
798,878,1100,3,65000,29,No
799,879,1101,1.50150000000000,33500,115,No
800,882,1104,1,21000,82,No
801,883,1107,2,20000,32,No
802,884,1108,1,14500,10,No
803,885,1109,7,87000,7,Yes
804,886,1110,1,4000,10,No
805,888,1112,2,20000,28,No
806,889,1113,1,8000,68,No
807,890,1114,0.646600000000000,6000,4,No
808,891,1115,1,15000,3,No
809,892,1116,1,33000,157,No
810,893,1117,2,30000,157,No
811,894,1118,6,42000,89,Yes
812,895,1119,1,29000,28,No
813,896,1120,2.17500000000000,57600,117,No
814,897,1121,0.675000000000000,8800,68,No
815,898,1122,2,24000,10,No
816,899,1123,1.5,38400,117,No
817,900,1124,0.184500000000000,16800,158,No
818,901,1125,4,60000,58,No
819,916,1140,2,20000,32,No
820,920,1144,4,60000,29,No
821,902,1126,9,49000,117,Yes
822,903,1127,1,13500,156,No
823,904,1128,0.230550000000000,3000,75,No
824,905,1129,2,27000,117,No
825,906,1130,3,32000,32,No
826,907,1131,33,198000,159,Yes
827,908,1132,4,60000,7,No
828,909,1133,1,6000,29,No
829,910,1134,1,12000,10,No
830,911,1135,2,36000,105,No
831,912,1136,1,7500,10,No
832,913,1137,1,27000,10,No
833,914,1138,3,39000,10,No
834,915,1139,4,56000,12,No
835,917,1141,6,78000,115,Yes
836,918,1142,3,45000,160,No
837,919,1143,2,28000,12,No
838,921,1145,1.20000000000000,15000,148,No
839,922,1146,0.990297000000000,24600,161,No
840,923,1147,4,34200,4,No
841,924,1148,1,15000,17,No
842,925,1149,2,12000,84,No
843,926,1150,7,36600,51,Yes
844,927,1151,0.585000000000000,6000,84,No
845,928,1152,4,14400,51,No
846,929,1153,4,66000,57,No
847,930,1154,1,14000,34,No
848,931,1155,1,12000,10,No
849,935,1159,1,6000,115,No
850,934,1158,2,20000,32,No
851,933,1157,1,12000,10,No
852,932,1156,2.81200000000000,12600,161,No
853,936,1160,1,17000,30,No
854,937,1161,0.5,12000,10,No
855,938,1162,5,75000,162,Yes
856,941,1165,1,15000,29,No
857,939,1163,6,72000,34,No
858,940,1164,2,30000,163,No
859,946,1170,3.96000000000000,36000,4,No
860,945,1169,1,16000,29,No
861,947,1171,1,15000,10,No
862,948,1172,1,15000,10,No
863,949,1173,1,12000,10,No
864,950,1174,1,9800,1,No
865,951,1175,1,12000,117,No
866,971,1195,9,54000,39,Yes
867,974,2000,1,16500,10,No
868,979,1205,1,12000,10,No
869,978,1204,2,16800,17,No
870,977,1203,1,6000,10,No
871,976,1202,2,36000,38,No
872,975,1201,2,12000,10,No
873,952,1176,3,46400,164,Yes
874,953,1177,1,9000,133,No
875,954,1178,1,12000,10,No
876,955,1179,1,5400,119,No
877,956,1180,4,48000,7,No
878,986,1212,1,12000,10,No
879,983,1209,13,91000,159,Yes
880,1002,1230,4,60000,167,Yes
881,1001,1229,0.0250000000000000,10000,1,No
882,1003,1228,1,15000,117,No
883,1000,127,3,13200,166,No
884,999,1226,4,48000,7,No
885,998,1225,1,6000,165,No
886,997,1224,0.360000000000000,3600,38,No
887,996,1223,1,12000,10,No
888,995,1222,0.400000000000000,6800,164,No
889,994,1221,2.19550000000000,30000,163,No
890,985,1211,4,66000,17,No
891,984,1210,1,24000,33,No
892,993,1220,0.550000000000000,16500,29,No
893,992,1219,1,15000,10,No
894,991,1218,1,22500,10,No
895,987,1214,4,33000,115,No
896,988,1215,0.450000000000000,12000,115,No
897,989,1216,2,24000,10,No
898,990,1217,1,9000,70,No
899,942,1166,5,63000,7,No
900,943,1167,1.91500000000000,30000,163,No
901,944,1168,2,41500,17,No
902,957,1181,2,30000,60,No
903,958,1182,2,24000,36,No
904,959,1183,0.900000000000000,5400,15,No
905,960,1184,3,18000,115,No
906,961,1185,1,15000,10,No
907,962,1186,0.800000000000000,5000,158,No
908,963,1187,2,30000,57,No
909,964,1188,3,42000,98,No
910,965,1189,1,16500,10,No
911,966,110,1,7200,57,No
912,967,1191,2,12000,33,No
913,968,1192,3,9000,15,No
914,969,1193,3,48000,10,No
915,973,1197,2,30000,60,No
916,972,1196,1,6000,10,No
917,970,1194,2,24000,10,No
918,1009,1236,0.145000000000000,4200,164,No
919,1008,1235,0.400000000000000,6400,29,No
920,1007,1234,0.990812000000000,33000,100,No
921,1006,1233,1,12000,10,No
922,1005,1232,0.365400000000000,6000,117,No
923,1004,1231,2,6000,57,No
924,1023,12340,11,13000,76,Yes
925,1010,1237,1,16100,27,No
926,1011,1238,2,24000,7,No
927,1012,1240,3,10800,4,No
928,1013,1239,0.470000000000000,6000,1,No
929,1014,1241,3,36000,168,No
930,1015,1242,2,31500,10,No
931,1016,1243,4,60000,162,Yes
932,1017,1244,2,30000,167,No
933,1018,1245,1,6000,10,No
934,1019,1246,2,28000,34,No
935,1020,1247,1,13200,168,No
936,1021,1248,2,29500,100,No
937,1022,1249,2,34000,17,No
938,1024,1250,1,12000,10,No
939,1034,1260,0.720000000000000,21000,10,No
940,1033,1259,1.84000000000000,4800,4,No
941,1025,1251,2,27900,8,No
942,1035,1261,2,27000,10,No
943,1026,1252,3,13200,27,No
944,1027,1253,3,32400,4,No
945,1032,1258,1,1800,10,No
946,1031,1257,1,1200,10,No
947,1030,1256,1,12000,10,No
948,1028,1254,3,36000,7,No
949,1029,1255,1,20000,10,No
950,1036,1262,1,12000,169,No
951,1043,1269,1,12000,10,No
952,1044,1270,6,84000,22,Yes
953,1037,1263,12,108000,4,Yes
954,1038,1264,2,8000,10,No
955,1039,1265,0.469000000000000,9600,68,No
956,1040,1266,0.335000000000000,15000,159,No
957,1042,1268,1,8000,80,No
958,1041,1267,1.27000000000000,16800,51,No
959,1045,1271,4,50500,17,No
960,1046,1272,1,15000,1,No
961,1047,1273,2,24000,10,No
962,1048,1274,2,30000,38,No
963,1049,1275,2,20000,32,No
964,1050,1276,0.230000000000000,4800,37,No
965,1051,1277,1,5100,57,No
966,1052,1278,0.555000000000000,12000,82,No
967,1053,1279,3,67800,50,No
968,1064,1289,0.25,6000,33,No
969,1062,1287,0.0765000000000000,6000,170,Yes
970,1061,1286,4,48000,7,No
971,1054,1280,0.272000000000000,3000,17,No
972,1055,1281,5,39000,115,Yes
973,1056,1282,1,12000,10,No
974,1058,1284,2,30000,3,No
975,1059,1290,1,33000,111,No
976,1060,1285,1,27000,3,No
977,1065,1291,1,15000,29,No
978,1069,1295,0.5,6000,171,No
979,1068,1294,3,60500,14,No
980,1067,1293,1,6000,98,No
981,1066,1292,0.552850000000000,20700,93,No
982,1075,1301,1,12000,10,No
983,1071,1300,4,48000,7,No
984,1070,1299,3,45000,167,No
985,1073,1298,8,9600,133,Yes
986,1074,1297,1,33500,140,No
987,1072,1296,3,9600,57,No
988,1076,1302,1,12000,8,No
989,1077,1303,1,15000,117,No
990,1078,1305,2,30000,167,No
991,1079,1306,1,6000,17,No
992,1081,1307,1,12000,10,No
993,1080,1304,1,15000,29,No
994,1082,1308,0.152500000000000,6000,172,Yes
995,1083,1309,6.98880000000000,64000,34,Yes
996,1084,1310,1.99800000000000,18000,4,No
997,1085,1311,0.160000000000000,4000,173,Yes
998,1086,1312,2,27000,99,No
999,1087,1313,3,75000,68,Yes
1000,1088,1314,3,18000,10,No
1001,1091,1317,4,60000,167,Yes
1002,1090,1316,9,108000,39,Yes
1003,1089,1315,0.370000000000000,6000,60,No
1004,1092,1318,1.60000000000000,17400,40,No
1005,1093,1319,2,20000,32,No
1006,1094,1320,1.03097500000000,6000,66,No
1007,1095,1321,0.800000000000000,4800,4,No
1008,1096,1322,1.99800000000000,14400,4,No
1009,1097,1323,2,30000,163,No
1010,1098,1324,2,27000,10,No
1011,1104,1331,1,27000,174,No
1012,1103,1330,0.665250000000000,9000,1,No
1013,1102,1329,10,138000,21,Yes
1014,1101,1328,11,46200,51,Yes
1015,1100,1327,1,15000,7,No
1016,1099,1326,3,36000,98,No
1017,1105,1325,5,63000,175,Yes
1018,1115,1340,0.925000000000000,36000,39,No
1019,1114,1339,3,45000,167,No
1020,1113,1338,1,15000,115,No
1021,1112,1337,5,75000,60,Yes
1022,1111,1336,1.99800000000000,14400,4,No
1023,1109,1335,4,66000,17,No
1024,1108,1334,0.725400000000000,15600,177,No
1025,1107,1333,22,361500,176,Yes
1026,1106,1332,0.360000000000000,7000,43,No
1027,1116,1341,3,32000,32,No
1028,1117,1342,1,12000,178,No
1029,1119,1344,2,24000,10,No
1030,1118,1343,3,45000,40,No
1031,1120,1345,0.385000000000000,6000,17,No
1032,1122,1347,6,0,179,Yes
1033,1121,1346,2,0,14,No
1034,1124,1349,0.324000000000000,3000,17,No
1035,1125,1350,3.17500000000000,7200,39,No
1036,1123,1348,2,30000,117,No
1037,1126,1351,2,20000,32,No
1038,1127,1353,1,15000,171,No
1039,1128,1352,1,1200,48,No
1040,1134,1360,1,15000,12,No
1041,1133,1359,3,16800,51,No
1042,1135,1361,0.999000000000000,7200,4,No
1043,1132,1356,2,27000,10,No
1044,1136,1358,0.700000000000000,24000,109,No
1045,1138,1363,0.195000000000000,4500,10,No
1046,1131,1357,1,24000,115,No
1047,1130,1355,0.5,9600,180,Yes
1048,1129,1354,4,40000,167,Yes
1049,1139,1364,0.660000000000000,3600,77,No
1050,1140,1365,2,20000,32,No
1051,1142,1367,1,6000,98,No
1052,1141,1366,2,34000,156,No
1053,1143,1368,2,20000,32,No
1054,1137,1362,1,12000,117,No
1055,1145,1370,1,12100,23,No
1056,1146,1371,0.5,4800,77,No
1057,1147,1372,2,27000,10,No
1058,1152,1377,1,15000,10,No
1059,1151,1376,0.852500000000000,13500,182,No
1060,1150,1375,1,30500,181,Yes
1061,1149,1374,1,14500,10,No
1062,1148,1373,11,88000,167,Yes
1063,1153,1378,7,93000,183,Yes
1064,1154,1379,3,9000,184,Yes
1065,1155,1380,3,30000,167,No
1066,1156,1381,1,3600,8,No
1067,1158,1383,1.16000000000000,24000,115,No
1068,1157,1382,1,12000,10,No
1069,1160,1385,0.5,12000,10,No
1070,1161,1386,1.16500000000000,5400,8,No
1071,1162,1387,1,26700,161,No
1072,1144,1369,1,15000,33,No
1073,1163,1388,1,12000,10,No
1074,1164,1390,1,15000,10,No
1075,1165,1391,2,12000,27,No
1076,1166,1392,1,36000,60,No
1077,1167,1389,1,12000,10,No
1078,1170,1394,0.470000000000000,12000,117,No
1079,1169,1395,1,20000,43,No
1080,1171,1397,0.5,7000,171,No
1081,1172,1396,0.5,8000,10,No
1082,1177,1402,4,48000,82,No
1083,1176,1401,1,9000,186,Yes
1084,1175,1400,1,24000,10,No
1085,1173,1398,2,24000,117,No
1086,1178,1403,1,15000,10,No
1087,1180,1405,1,12000,10,No
1088,1181,1406,1,12000,10,No
1089,1179,1404,1,22500,10,No
1090,1182,1407,1.01500000000000,4800,4,No
1091,1183,1408,1,25000,167,No
1092,1184,1409,0.170000000000000,3000,54,No
1093,1185,1410,1,15000,29,No
1094,1187,1412,0.260000000000000,10000,43,No
1095,1186,1411,2,15000,156,No
1096,1188,1413,1,15500,10,No
1097,1190,1415,0.150000000000000,7000,98,No
1098,1189,1414,1,12000,98,No
1099,1191,1416,1,18500,10,No
1100,1192,1417,1,13500,39,No
1101,1195,1420,10.7600000000000,45300,1,Yes
1102,1194,1419,0.275000000000000,3600,21,No
1103,1193,1418,1,12000,148,No
1104,1198,1423,0.360000000000000,1320,33,No
1105,1197,1422,0.150000000000000,10800,33,No
1106,1199,1424,1.26000000000000,3600,51,No
1107,1200,1425,1,22500,187,Yes
1108,1201,1426,1.99800000000000,14400,4,No
1109,1203,1428,4,40000,167,Yes
1110,1202,1427,7,76000,167,Yes
1111,1204,1429,2,30000,176,No
1112,1205,1430,1.10000000000000,15000,69,No
1113,1212,1438,0.730000000000000,10500,60,No
1114,1211,1437,2,10000,167,No
1115,1210,1436,0.220500000000000,3000,189,Yes
1116,1209,1435,1,12000,188,No
1117,1208,1433,1.99800000000000,14400,4,No
1118,1207,1432,0.148750000000000,4500,1,No
1119,1206,1431,0.350000000000000,10500,187,Yes
1120,1196,1421,8.37000000000000,49200,1,Yes
1121,1213,1434,0.232500000000000,6000,1,No
1122,1214,1440,0.5,3000,117,No
1123,1215,1441,1,12000,17,No
1124,1216,1439,1.30000000000000,1300,1,No
1125,1217,1442,1,6000,10,No
1126,1218,1443,1,27000,187,Yes
1127,1234,1461,1,14500,10,No
1128,1233,1460,2,27000,10,No
1129,1232,1459,4,40000,32,No
1130,1231,1458,1,16500,10,No
1131,1230,1457,1,15000,167,No
1132,1229,1454,0.315000000000000,4000,29,No
1133,1228,1453,1,4800,190,Yes
1134,1227,1452,1,12000,10,No
1135,1226,1451,1,12000,10,No
1136,1225,1450,3,10000,167,No
1137,1224,1449,1,15000,117,No
1138,1223,1448,1.99800000000000,10800,4,No
1139,1236,1455,4,32000,167,No
1140,1237,1456,2.58000000000000,25000,167,No
1141,1221,1446,4,40000,32,No
1142,1219,1445,3,30000,167,No
1143,1220,1444,2,24000,10,No
1144,1235,1462,1,27000,10,No
1145,1222,1447,11,165000,115,Yes
1146,1238,1464,0.440000000000000,14400,167,No
1147,1242,1467,2,20000,167,No
1148,1241,1466,1,14000,10,No
1149,1240,1465,1,18000,117,No
1150,1239,1463,5.03125,29700,1,No
1151,1243,1468,1,12000,10,No
1152,1244,1469,3.99600000000000,28800,4,No
1153,1245,1470,1,15000,29,No
1154,1246,1471,0.456300000000000,10500,187,Yes
1155,1247,1472,1,15000,10,No
1156,1248,1473,3,30000,167,No
1157,1249,1474,1,16200,47,No
1158,1251,1475,0.480000000000000,12000,82,No
1159,1250,1476,0.186700000000000,3600,75,No
1160,1252,1477,0.440000000000000,4800,82,No
1161,1254,1479,3,75000,167,Yes
1162,1259,1484,4.5,14400,15,No
1163,1258,1483,3.30000000000000,10800,15,No
1164,1256,1482,4,39000,115,No
1165,1260,1485,1,18000,10,No
1166,1255,1480,2,30000,191,Yes
1167,1261,1486,10,80000,167,Yes
1168,1257,1481,20,160000,167,Yes
1169,1253,1478,6,66000,57,Yes
1170,1266,1491,1,27000,187,Yes
1171,1264,1490,3,24000,167,No
1172,1265,1489,9,72000,167,Yes
1173,1263,1488,4.25,25200,51,No
1174,1262,1487,2.98300000000000,20400,1,No
1175,1271,1496,4,40000,167,Yes
1176,1270,1495,0.387000000000000,12000,133,No
1177,1269,1494,8,27600,15,Yes
1178,1268,1493,3,45000,192,Yes
1179,1273,1498,6,124000,167,Yes
1180,1267,1492,8,2225,176,Yes
1181,1274,111111,20,140103,160,Yes
1182,1275,12348888,2,20000,192,Yes
1183,1280,123455668,2,303500,149,Yes
