[{"model": "auth.permission", "pk": 1, "fields": {"name": "Can add log entry", "content_type": 1, "codename": "add_logentry"}}, {"model": "auth.permission", "pk": 2, "fields": {"name": "Can change log entry", "content_type": 1, "codename": "change_logentry"}}, {"model": "auth.permission", "pk": 3, "fields": {"name": "Can delete log entry", "content_type": 1, "codename": "delete_logentry"}}, {"model": "auth.permission", "pk": 4, "fields": {"name": "Can view log entry", "content_type": 1, "codename": "view_logentry"}}, {"model": "auth.permission", "pk": 5, "fields": {"name": "Can add permission", "content_type": 2, "codename": "add_permission"}}, {"model": "auth.permission", "pk": 6, "fields": {"name": "Can change permission", "content_type": 2, "codename": "change_permission"}}, {"model": "auth.permission", "pk": 7, "fields": {"name": "Can delete permission", "content_type": 2, "codename": "delete_permission"}}, {"model": "auth.permission", "pk": 8, "fields": {"name": "Can view permission", "content_type": 2, "codename": "view_permission"}}, {"model": "auth.permission", "pk": 9, "fields": {"name": "Can add group", "content_type": 3, "codename": "add_group"}}, {"model": "auth.permission", "pk": 10, "fields": {"name": "Can change group", "content_type": 3, "codename": "change_group"}}, {"model": "auth.permission", "pk": 11, "fields": {"name": "Can delete group", "content_type": 3, "codename": "delete_group"}}, {"model": "auth.permission", "pk": 12, "fields": {"name": "Can view group", "content_type": 3, "codename": "view_group"}}, {"model": "auth.permission", "pk": 13, "fields": {"name": "Can add user", "content_type": 4, "codename": "add_user"}}, {"model": "auth.permission", "pk": 14, "fields": {"name": "Can change user", "content_type": 4, "codename": "change_user"}}, {"model": "auth.permission", "pk": 15, "fields": {"name": "Can delete user", "content_type": 4, "codename": "delete_user"}}, {"model": "auth.permission", "pk": 16, "fields": {"name": "Can view user", "content_type": 4, "codename": "view_user"}}, {"model": "auth.permission", "pk": 17, "fields": {"name": "Can add content type", "content_type": 5, "codename": "add_contenttype"}}, {"model": "auth.permission", "pk": 18, "fields": {"name": "Can change content type", "content_type": 5, "codename": "change_contenttype"}}, {"model": "auth.permission", "pk": 19, "fields": {"name": "Can delete content type", "content_type": 5, "codename": "delete_contenttype"}}, {"model": "auth.permission", "pk": 20, "fields": {"name": "Can view content type", "content_type": 5, "codename": "view_contenttype"}}, {"model": "auth.permission", "pk": 21, "fields": {"name": "Can add session", "content_type": 6, "codename": "add_session"}}, {"model": "auth.permission", "pk": 22, "fields": {"name": "Can change session", "content_type": 6, "codename": "change_session"}}, {"model": "auth.permission", "pk": 23, "fields": {"name": "Can delete session", "content_type": 6, "codename": "delete_session"}}, {"model": "auth.permission", "pk": 24, "fields": {"name": "Can view session", "content_type": 6, "codename": "view_session"}}, {"model": "auth.permission", "pk": 25, "fields": {"name": "Can add customers", "content_type": 7, "codename": "add_customers"}}, {"model": "auth.permission", "pk": 26, "fields": {"name": "Can change customers", "content_type": 7, "codename": "change_customers"}}, {"model": "auth.permission", "pk": 27, "fields": {"name": "Can delete customers", "content_type": 7, "codename": "delete_customers"}}, {"model": "auth.permission", "pk": 28, "fields": {"name": "Can view customers", "content_type": 7, "codename": "view_customers"}}, {"model": "auth.permission", "pk": 29, "fields": {"name": "Can add be", "content_type": 8, "codename": "add_be"}}, {"model": "auth.permission", "pk": 30, "fields": {"name": "Can change be", "content_type": 8, "codename": "change_be"}}, {"model": "auth.permission", "pk": 31, "fields": {"name": "Can delete be", "content_type": 8, "codename": "delete_be"}}, {"model": "auth.permission", "pk": 32, "fields": {"name": "Can view be", "content_type": 8, "codename": "view_be"}}, {"model": "auth.permission", "pk": 33, "fields": {"name": "Can add b e_line", "content_type": 9, "codename": "add_be_line"}}, {"model": "auth.permission", "pk": 34, "fields": {"name": "Can change b e_line", "content_type": 9, "codename": "change_be_line"}}, {"model": "auth.permission", "pk": 35, "fields": {"name": "Can delete b e_line", "content_type": 9, "codename": "delete_be_line"}}, {"model": "auth.permission", "pk": 36, "fields": {"name": "Can view b e_line", "content_type": 9, "codename": "view_be_line"}}, {"model": "auth.permission", "pk": 37, "fields": {"name": "Can add invoice line", "content_type": 10, "codename": "add_invoiceline"}}, {"model": "auth.permission", "pk": 38, "fields": {"name": "Can change invoice line", "content_type": 10, "codename": "change_invoiceline"}}, {"model": "auth.permission", "pk": 39, "fields": {"name": "Can delete invoice line", "content_type": 10, "codename": "delete_invoiceline"}}, {"model": "auth.permission", "pk": 40, "fields": {"name": "Can view invoice line", "content_type": 10, "codename": "view_invoiceline"}}, {"model": "auth.permission", "pk": 41, "fields": {"name": "Can add invoice", "content_type": 11, "codename": "add_invoice"}}, {"model": "auth.permission", "pk": 42, "fields": {"name": "Can change invoice", "content_type": 11, "codename": "change_invoice"}}, {"model": "auth.permission", "pk": 43, "fields": {"name": "Can delete invoice", "content_type": 11, "codename": "delete_invoice"}}, {"model": "auth.permission", "pk": 44, "fields": {"name": "Can view invoice", "content_type": 11, "codename": "view_invoice"}}, {"model": "contenttypes.contenttype", "pk": 1, "fields": {"app_label": "admin", "model": "logentry"}}, {"model": "contenttypes.contenttype", "pk": 2, "fields": {"app_label": "auth", "model": "permission"}}, {"model": "contenttypes.contenttype", "pk": 3, "fields": {"app_label": "auth", "model": "group"}}, {"model": "contenttypes.contenttype", "pk": 4, "fields": {"app_label": "auth", "model": "user"}}, {"model": "contenttypes.contenttype", "pk": 5, "fields": {"app_label": "contenttypes", "model": "contenttype"}}, {"model": "contenttypes.contenttype", "pk": 6, "fields": {"app_label": "sessions", "model": "session"}}, {"model": "contenttypes.contenttype", "pk": 7, "fields": {"app_label": "customers", "model": "customers"}}, {"model": "contenttypes.contenttype", "pk": 8, "fields": {"app_label": "entry", "model": "be"}}, {"model": "contenttypes.contenttype", "pk": 9, "fields": {"app_label": "entry", "model": "be_line"}}, {"model": "contenttypes.contenttype", "pk": 10, "fields": {"app_label": "entry", "model": "invoiceline"}}, {"model": "contenttypes.contenttype", "pk": 11, "fields": {"app_label": "entry", "model": "invoice"}}, {"model": "customers.customers", "pk": 1, "fields": {"name": "LE ZO", "company": "Inconnu", "contact": "0344581377", "location": "Andravohangy"}}, {"model": "customers.customers", "pk": 2, "fields": {"name": "MR EDMOND", "company": "Inconnu", "contact": "0348403287", "location": "Inconnu"}}, {"model": "customers.customers", "pk": 3, "fields": {"name": "MR NIRINA", "company": "Inconnu", "contact": "0000000000", "location": "Inconnu"}}, {"model": "customers.customers", "pk": 4, "fields": {"name": "MR FINARITRA", "company": "Inconnu", "contact": "0345216241", "location": "Mahavoky"}}, {"model": "customers.customers", "pk": 5, "fields": {"name": "L BUILDING", "company": "L Building", "contact": "0345157054", "location": "Ambatobe"}}, {"model": "customers.customers", "pk": 6, "fields": {"name": "MR MAMY DADDY", "company": "Inconnu", "contact": "0000000000", "location": "Soavinandrina"}}, {"model": "customers.customers", "pk": 7, "fields": {"name": "MR LIVA", "company": "Inconnu", "contact": "0346620385", "location": "Rocade"}}, {"model": "customers.customers", "pk": 8, "fields": {"name": "MR MISA", "company": "Inconnu", "contact": "0343148660", "location": "Ambohimangakely"}}, {"model": "customers.customers", "pk": 9, "fields": {"name": "MR MODESTE", "company": "Inconnu", "contact": "0341803679", "location": "Anjanahary"}}, {"model": "customers.customers", "pk": 10, "fields": {"name": "MR RAHERY", "company": "Inconnu", "contact": "0344423757", "location": "Avaradoha"}}, {"model": "customers.customers", "pk": 11, "fields": {"name": "MR KEVIN", "company": "Inconnu", "contact": "0346157112", "location": "Avaradoha"}}, {"model": "customers.customers", "pk": 12, "fields": {"name": "MR JOHARY", "company": "Ilo Art", "contact": "0343979011", "location": "Avaradoha"}}, {"model": "customers.customers", "pk": 13, "fields": {"name": "MR BOSCO", "company": "O.C.M", "contact": "0333753132", "location": "Inconnu"}}, {"model": "customers.customers", "pk": 14, "fields": {"name": "MR DINA", "company": "Inconnu", "contact": "0342312223", "location": "Inconnu"}}, {"model": "customers.customers", "pk": 15, "fields": {"name": "MR TANTELY", "company": "O.C.M", "contact": "0344105275", "location": "Andraharo"}}, {"model": "customers.customers", "pk": 16, "fields": {"name": "MR RADO", "company": "Inconnu", "contact": "0342211399", "location": "Inconnu"}}, {"model": "customers.customers", "pk": 17, "fields": {"name": "MR HAJA", "company": "Inconnu", "contact": "0342560385", "location": "Soavinandriana"}}, {"model": "customers.customers", "pk": 18, "fields": {"name": "MR MBOLA", "company": "Inconnu", "contact": "0341322042", "location": "Ampandrana"}}, {"model": "customers.customers", "pk": 19, "fields": {"name": "MR TSIRY", "company": "Inconnu", "contact": "0341981639", "location": "Fianarantsoa"}}, {"model": "customers.customers", "pk": 20, "fields": {"name": "MR ERNEST", "company": "Inconnu", "contact": "0349524992", "location": "Ambohimirary"}}, {"model": "customers.customers", "pk": 21, "fields": {"name": "MR ROLLAND", "company": "Inconnu", "contact": "0340935518", "location": "Inconnu"}}, {"model": "customers.customers", "pk": 22, "fields": {"name": "MR TOKY", "company": "Inconnu", "contact": "0344141142", "location": "Inconnu"}}, {"model": "customers.customers", "pk": 23, "fields": {"name": "MR DOMINIQUE", "company": "Inconnu", "contact": "0332965922", "location": "Nanisana"}}, {"model": "customers.customers", "pk": 24, "fields": {"name": "MR NDRIANA", "company": "Inconnu", "contact": "0341557727", "location": "Betongolo"}}, {"model": "customers.customers", "pk": 25, "fields": {"name": "MR RICHARD", "company": "Inconnu", "contact": "0340146574", "location": "Inconnu"}}, {"model": "customers.customers", "pk": 26, "fields": {"name": "MR TSINJO", "company": "Inconnu", "contact": "0340838758", "location": "Ambodivona"}}, {"model": "customers.customers", "pk": 27, "fields": {"name": "MR ERIC", "company": "Inconnu", "contact": "0342734222", "location": "Besarety"}}, {"model": "customers.customers", "pk": 28, "fields": {"name": "MR FANILO", "company": "Inconnu", "contact": "0000000000", "location": "Avaradoha"}}, {"model": "customers.customers", "pk": 29, "fields": {"name": "MR MAMY", "company": "Inconnu", "contact": "0000000000", "location": "Inconnu"}}, {"model": "customers.customers", "pk": 30, "fields": {"name": "MR MAMY2", "company": "Inconnu", "contact": "0000000000", "location": "Ambanidia"}}, {"model": "customers.customers", "pk": 31, "fields": {"name": "MR MAMI", "company": "Inconnu", "contact": "0000000000", "location": "Ambanidia"}}, {"model": "customers.customers", "pk": 32, "fields": {"name": "MR MANAMPY", "company": "Inconnu", "contact": "0000000000", "location": "Ambotrarahaba"}}, {"model": "customers.customers", "pk": 33, "fields": {"name": "MR ROSA", "company": "Inconnu", "contact": "0330707810", "location": "Inconnu"}}, {"model": "customers.customers", "pk": 34, "fields": {"name": "MR TIANA", "company": "Inconnu", "contact": "0000000000", "location": "Betongolo"}}, {"model": "customers.customers", "pk": 35, "fields": {"name": "MR TAHIANA", "company": "Inconnu", "contact": "0341210964", "location": "Inconnu"}}, {"model": "customers.customers", "pk": 36, "fields": {"name": "MR NIX", "company": "Inconnu", "contact": "0000000000", "location": "Avaradoha"}}, {"model": "customers.customers", "pk": 37, "fields": {"name": "MR JIMMY", "company": "Inconnu", "contact": "0000000000", "location": "Nanisana"}}, {"model": "customers.customers", "pk": 38, "fields": {"name": "MR SAFIDY", "company": "Inconnu", "contact": "0340832921", "location": "Inconnu"}}, {"model": "customers.customers", "pk": 39, "fields": {"name": "MR JOSOA", "company": "Inconnu", "contact": "0000000000", "location": "Inconnu"}}, {"model": "customers.customers", "pk": 40, "fields": {"name": "MR AVOTRA", "company": "Inconnu", "contact": "0000000000", "location": "Inconnu"}}, {"model": "customers.customers", "pk": 41, "fields": {"name": "MR FIDÈLE", "company": "Inconnu", "contact": "0000000000", "location": "Inconnu"}}, {"model": "customers.customers", "pk": 42, "fields": {"name": "MR JAMES", "company": "Inconnu", "contact": "0000000000", "location": "Inconnu"}}, {"model": "customers.customers", "pk": 43, "fields": {"name": "MR BOLIDA", "company": "Inconnu", "contact": "0000000000", "location": "Avaradoha"}}, {"model": "customers.customers", "pk": 44, "fields": {"name": "MR LANDRY", "company": "Hibiscus", "contact": "0000000000", "location": "Avaradoha"}}, {"model": "customers.customers", "pk": 45, "fields": {"name": "MR SYLVAIN", "company": "Inconnu", "contact": "0000000000", "location": "Inconnu"}}, {"model": "customers.customers", "pk": 46, "fields": {"name": "MR MENJA", "company": "Inconnu", "contact": "0000000000", "location": "Inconnu"}}, {"model": "customers.customers", "pk": 47, "fields": {"name": "MR ANDRY", "company": "Inconnu", "contact": "0000000000", "location": "Inconnu"}}, {"model": "customers.customers", "pk": 48, "fields": {"name": "MR SAMIR", "company": "Inconnu", "contact": "0347872000", "location": "Inconnu"}}, {"model": "customers.customers", "pk": 49, "fields": {"name": "MME ANJA", "company": "Inconnu", "contact": "0000000000", "location": "Inconnu"}}, {"model": "customers.customers", "pk": 50, "fields": {"name": "MME HANITRA", "company": "Inconnu", "contact": "0000000000", "location": "Inconnu"}}, {"model": "customers.customers", "pk": 51, "fields": {"name": "MR HERY", "company": "PliageRAVIKI", "contact": "0000000000", "location": "Mahavoky"}}, {"model": "customers.customers", "pk": 52, "fields": {"name": "MR FENOSOA", "company": "Inconnu", "contact": "0342710399", "location": "Sabotsy Namehana"}}, {"model": "customers.customers", "pk": 53, "fields": {"name": "MR JUSTIN", "company": "Inconnu", "contact": "0000000000", "location": "Inconnu"}}, {"model": "customers.customers", "pk": 54, "fields": {"name": "MR NELSON PAPA", "company": "Inconnu", "contact": "0000000000", "location": "Avaradoha"}}, {"model": "customers.customers", "pk": 55, "fields": {"name": "MR PASCAL", "company": "Inconnu", "contact": "0000000000", "location": "Inconnu"}}, {"model": "customers.customers", "pk": 56, "fields": {"name": "MR LOVA", "company": "Inconnu", "contact": "0000000000", "location": "Inconnu"}}, {"model": "customers.customers", "pk": 57, "fields": {"name": "MR NARY", "company": "Inconnu", "contact": "0340899149", "location": "Inconnu"}}, {"model": "customers.customers", "pk": 58, "fields": {"name": "MR DANIEL", "company": "Inconnu", "contact": "0000000000", "location": "Inconnu"}}, {"model": "customers.customers", "pk": 59, "fields": {"name": "MR FRANCISSE", "company": "Inconnu", "contact": "0000000000", "location": "Inconnu"}}, {"model": "customers.customers", "pk": 60, "fields": {"name": "MR TSOA", "company": "Inconnu", "contact": "0000000000", "location": "Inconnu"}}, {"model": "customers.customers", "pk": 61, "fields": {"name": "MR SANTATRA", "company": "Inconnu", "contact": "0000000000", "location": "Inconnu"}}, {"model": "customers.customers", "pk": 62, "fields": {"name": "MR TIAVINA", "company": "Inconnu", "contact": "0000000000", "location": "Inconnu"}}, {"model": "customers.customers", "pk": 63, "fields": {"name": "MR ROBINSON", "company": "Inconnu", "contact": "0000000000", "location": "Inconnu"}}, {"model": "customers.customers", "pk": 64, "fields": {"name": "MME ELIANNE", "company": "Inconnu", "contact": "0000000000", "location": "Inconnu"}}, {"model": "customers.customers", "pk": 65, "fields": {"name": "MME FABRINA", "company": "Inconnu", "contact": "0346620385", "location": "Inconnu"}}, {"model": "customers.customers", "pk": 66, "fields": {"name": "MR SERGE", "company": "Inconnu", "contact": "0000000000", "location": "Inconnu"}}, {"model": "customers.customers", "pk": 67, "fields": {"name": "MR EMANUEL", "company": "Inconnu", "contact": "0000000000", "location": "Inconnu"}}, {"model": "customers.customers", "pk": 68, "fields": {"name": "MR JOCELYN", "company": "Inconnu", "contact": "0347060035", "location": "Andravoahangy"}}, {"model": "customers.customers", "pk": 69, "fields": {"name": "MR LIVA2", "company": "Inconnu", "contact": "0346087062", "location": "Betongolo"}}, {"model": "entry.be", "pk": 1, "fields": {"date_entry": "2023-09-01", "time_entry": "07:39:00", "status": "E", "customers": 2}}, {"model": "entry.be", "pk": 2, "fields": {"date_entry": "2023-09-01", "time_entry": "13:01:00", "status": "E", "customers": 3}}, {"model": "entry.be", "pk": 3, "fields": {"date_entry": "2023-09-01", "time_entry": "15:50:00", "status": "E", "customers": 7}}, {"model": "entry.be", "pk": 4, "fields": {"date_entry": "2023-09-01", "time_entry": "09:16:00", "status": "E", "customers": 10}}, {"model": "entry.be", "pk": 5, "fields": {"date_entry": "2023-09-02", "time_entry": "09:30:00", "status": "E", "customers": 14}}, {"model": "entry.be", "pk": 6, "fields": {"date_entry": "2023-09-02", "time_entry": "11:05:00", "status": "E", "customers": 7}}, {"model": "entry.be", "pk": 7, "fields": {"date_entry": "2023-09-02", "time_entry": "11:05:00", "status": "E", "customers": 11}}, {"model": "entry.be", "pk": 8, "fields": {"date_entry": "2023-09-02", "time_entry": "11:59:00", "status": "E", "customers": 11}}, {"model": "entry.be", "pk": 9, "fields": {"date_entry": "2023-09-04", "time_entry": "08:03:00", "status": "E", "customers": 10}}, {"model": "entry.be", "pk": 10, "fields": {"date_entry": "2023-09-04", "time_entry": "09:04:00", "status": "E", "customers": 28}}, {"model": "entry.be", "pk": 11, "fields": {"date_entry": "2023-09-04", "time_entry": "08:48:00", "status": "E", "customers": 25}}, {"model": "entry.be", "pk": 12, "fields": {"date_entry": "2023-09-04", "time_entry": "09:39:00", "status": "E", "customers": 11}}, {"model": "entry.be", "pk": 13, "fields": {"date_entry": "2023-09-04", "time_entry": "14:45:00", "status": "E", "customers": 14}}, {"model": "entry.be", "pk": 14, "fields": {"date_entry": "2023-09-05", "time_entry": "09:07:00", "status": "E", "customers": 27}}, {"model": "entry.be", "pk": 15, "fields": {"date_entry": "2023-09-05", "time_entry": "15:41:00", "status": "E", "customers": 11}}, {"model": "entry.be", "pk": 16, "fields": {"date_entry": "2023-09-05", "time_entry": "09:04:00", "status": "E", "customers": 28}}, {"model": "entry.be", "pk": 17, "fields": {"date_entry": "2023-09-07", "time_entry": "09:53:00", "status": "E", "customers": 4}}, {"model": "entry.be", "pk": 18, "fields": {"date_entry": "2023-09-07", "time_entry": "13:45:00", "status": "E", "customers": 11}}, {"model": "entry.be", "pk": 19, "fields": {"date_entry": "2023-09-08", "time_entry": "08:21:00", "status": "E", "customers": 4}}, {"model": "entry.be", "pk": 20, "fields": {"date_entry": "2023-09-08", "time_entry": "13:25:00", "status": "E", "customers": 9}}, {"model": "entry.be", "pk": 21, "fields": {"date_entry": "2023-09-08", "time_entry": "13:33:00", "status": "E", "customers": 10}}, {"model": "entry.be", "pk": 22, "fields": {"date_entry": "2023-09-09", "time_entry": "09:51:00", "status": "E", "customers": 37}}, {"model": "entry.be", "pk": 23, "fields": {"date_entry": "2023-09-09", "time_entry": "08:40:00", "status": "E", "customers": 25}}, {"model": "entry.be", "pk": 24, "fields": {"date_entry": "2023-09-11", "time_entry": "14:26:00", "status": "E", "customers": 1}}, {"model": "entry.be", "pk": 25, "fields": {"date_entry": "2023-09-11", "time_entry": "15:34:00", "status": "E", "customers": 11}}, {"model": "entry.be", "pk": 26, "fields": {"date_entry": "2023-09-12", "time_entry": "05:26:00", "status": "E", "customers": 41}}, {"model": "entry.be", "pk": 27, "fields": {"date_entry": "2023-09-12", "time_entry": "14:37:00", "status": "E", "customers": 9}}, {"model": "entry.be", "pk": 28, "fields": {"date_entry": "2023-09-13", "time_entry": "10:32:00", "status": "E", "customers": 4}}, {"model": "entry.be", "pk": 29, "fields": {"date_entry": "2023-09-13", "time_entry": "11:29:00", "status": "E", "customers": 11}}, {"model": "entry.be", "pk": 30, "fields": {"date_entry": "2023-09-13", "time_entry": "15:23:00", "status": "E", "customers": 17}}, {"model": "entry.be", "pk": 31, "fields": {"date_entry": "2023-09-14", "time_entry": "13:05:00", "status": "E", "customers": 7}}, {"model": "entry.be", "pk": 32, "fields": {"date_entry": "2023-09-15", "time_entry": "07:43:00", "status": "E", "customers": 10}}, {"model": "entry.be", "pk": 33, "fields": {"date_entry": "2023-09-15", "time_entry": "09:00:00", "status": "E", "customers": 11}}, {"model": "entry.be", "pk": 34, "fields": {"date_entry": "2023-09-15", "time_entry": "10:44:00", "status": "E", "customers": 10}}, {"model": "entry.be", "pk": 35, "fields": {"date_entry": "2023-09-15", "time_entry": "15:01:00", "status": "E", "customers": 44}}, {"model": "entry.be", "pk": 36, "fields": {"date_entry": "2023-09-16", "time_entry": "08:52:00", "status": "E", "customers": 47}}, {"model": "entry.be", "pk": 37, "fields": {"date_entry": "2023-09-16", "time_entry": "08:38:00", "status": "E", "customers": 51}}, {"model": "entry.be", "pk": 38, "fields": {"date_entry": "2023-09-16", "time_entry": "10:35:00", "status": "E", "customers": 7}}, {"model": "entry.be", "pk": 39, "fields": {"date_entry": "2023-09-16", "time_entry": "09:59:00", "status": "E", "customers": 11}}, {"model": "entry.be", "pk": 40, "fields": {"date_entry": "2023-09-16", "time_entry": "10:52:00", "status": "E", "customers": 28}}, {"model": "entry.be", "pk": 41, "fields": {"date_entry": "2023-09-18", "time_entry": "08:37:00", "status": "E", "customers": 17}}, {"model": "entry.be", "pk": 42, "fields": {"date_entry": "2023-09-18", "time_entry": "08:49:00", "status": "E", "customers": 32}}, {"model": "entry.be", "pk": 43, "fields": {"date_entry": "2023-09-18", "time_entry": "08:56:00", "status": "E", "customers": 10}}, {"model": "entry.be", "pk": 44, "fields": {"date_entry": "2023-09-18", "time_entry": "14:50:00", "status": "E", "customers": 10}}, {"model": "entry.be", "pk": 45, "fields": {"date_entry": "2023-09-19", "time_entry": "10:50:00", "status": "E", "customers": 11}}, {"model": "entry.be", "pk": 46, "fields": {"date_entry": "2023-09-19", "time_entry": "15:50:00", "status": "E", "customers": 58}}, {"model": "entry.be", "pk": 47, "fields": {"date_entry": "2023-09-20", "time_entry": "11:03:00", "status": "E", "customers": 11}}, {"model": "entry.be", "pk": 48, "fields": {"date_entry": "2023-09-21", "time_entry": "07:56:00", "status": "E", "customers": 10}}, {"model": "entry.be", "pk": 49, "fields": {"date_entry": "2023-09-21", "time_entry": "09:41:00", "status": "E", "customers": 17}}, {"model": "entry.be", "pk": 50, "fields": {"date_entry": "2023-09-21", "time_entry": "09:54:00", "status": "E", "customers": 4}}, {"model": "entry.be", "pk": 51, "fields": {"date_entry": "2023-09-21", "time_entry": "13:10:00", "status": "E", "customers": 11}}, {"model": "entry.be", "pk": 52, "fields": {"date_entry": "2023-09-21", "time_entry": "10:45:00", "status": "E", "customers": 32}}, {"model": "entry.be", "pk": 53, "fields": {"date_entry": "2023-09-21", "time_entry": "13:10:00", "status": "E", "customers": 11}}, {"model": "entry.be", "pk": 54, "fields": {"date_entry": "2023-09-22", "time_entry": "08:52:00", "status": "E", "customers": 14}}, {"model": "entry.be", "pk": 55, "fields": {"date_entry": "2023-09-23", "time_entry": "10:59:00", "status": "E", "customers": 11}}, {"model": "entry.be", "pk": 56, "fields": {"date_entry": "2023-09-25", "time_entry": "11:24:00", "status": "E", "customers": 32}}, {"model": "entry.be", "pk": 57, "fields": {"date_entry": "2023-09-25", "time_entry": "11:38:00", "status": "E", "customers": 28}}, {"model": "entry.be", "pk": 58, "fields": {"date_entry": "2023-09-25", "time_entry": "13:33:00", "status": "E", "customers": 1}}, {"model": "entry.be", "pk": 59, "fields": {"date_entry": "2023-09-26", "time_entry": "09:20:00", "status": "E", "customers": 11}}, {"model": "entry.be", "pk": 60, "fields": {"date_entry": "2023-09-26", "time_entry": "13:57:00", "status": "E", "customers": 4}}, {"model": "entry.be", "pk": 61, "fields": {"date_entry": "2023-09-27", "time_entry": "14:11:00", "status": "E", "customers": 4}}, {"model": "entry.be", "pk": 62, "fields": {"date_entry": "2023-09-28", "time_entry": "09:23:00", "status": "E", "customers": 8}}, {"model": "entry.be", "pk": 63, "fields": {"date_entry": "2023-09-28", "time_entry": "09:36:00", "status": "E", "customers": 11}}, {"model": "entry.be", "pk": 64, "fields": {"date_entry": "2023-09-28", "time_entry": "09:58:00", "status": "E", "customers": 6}}, {"model": "entry.be", "pk": 65, "fields": {"date_entry": "2023-09-28", "time_entry": "11:03:00", "status": "E", "customers": 11}}, {"model": "entry.be", "pk": 66, "fields": {"date_entry": "2023-09-28", "time_entry": "11:15:00", "status": "E", "customers": 7}}, {"model": "entry.be", "pk": 67, "fields": {"date_entry": "2023-09-28", "time_entry": "13:25:00", "status": "E", "customers": 4}}, {"model": "entry.be", "pk": 68, "fields": {"date_entry": "2023-09-28", "time_entry": "14:39:00", "status": "E", "customers": 10}}, {"model": "entry.be", "pk": 69, "fields": {"date_entry": "2023-09-29", "time_entry": "06:35:00", "status": "E", "customers": 2}}, {"model": "entry.be", "pk": 70, "fields": {"date_entry": "2023-09-29", "time_entry": "09:51:00", "status": "E", "customers": 11}}, {"model": "entry.be", "pk": 71, "fields": {"date_entry": "2023-09-29", "time_entry": "10:20:00", "status": "E", "customers": 28}}, {"model": "entry.be", "pk": 72, "fields": {"date_entry": "2023-09-29", "time_entry": "14:54:00", "status": "E", "customers": 11}}, {"model": "entry.be", "pk": 73, "fields": {"date_entry": "2023-09-30", "time_entry": "10:00:00", "status": "E", "customers": 64}}, {"model": "entry.be", "pk": 74, "fields": {"date_entry": "2023-10-02", "time_entry": "15:45:00", "status": "E", "customers": 17}}, {"model": "entry.be", "pk": 75, "fields": {"date_entry": "2023-10-03", "time_entry": "10:31:00", "status": "E", "customers": 4}}, {"model": "entry.be", "pk": 76, "fields": {"date_entry": "2023-10-03", "time_entry": "10:33:00", "status": "E", "customers": 17}}, {"model": "entry.be", "pk": 77, "fields": {"date_entry": "2023-10-03", "time_entry": "15:01:00", "status": "E", "customers": 68}}, {"model": "entry.be", "pk": 78, "fields": {"date_entry": "2023-10-04", "time_entry": "11:04:00", "status": "E", "customers": 11}}, {"model": "entry.be", "pk": 79, "fields": {"date_entry": "2023-10-06", "time_entry": "08:26:00", "status": "E", "customers": 8}}, {"model": "entry.be", "pk": 80, "fields": {"date_entry": "2023-10-06", "time_entry": "10:05:00", "status": "E", "customers": 28}}, {"model": "entry.be", "pk": 81, "fields": {"date_entry": "2023-10-06", "time_entry": "11:41:00", "status": "E", "customers": 28}}, {"model": "entry.be", "pk": 82, "fields": {"date_entry": "2023-10-06", "time_entry": "14:55:00", "status": "E", "customers": 10}}, {"model": "entry.be", "pk": 83, "fields": {"date_entry": "2023-10-07", "time_entry": "08:15:00", "status": "E", "customers": 69}}, {"model": "entry.be", "pk": 84, "fields": {"date_entry": "2023-10-09", "time_entry": "10:05:00", "status": "E", "customers": 57}}, {"model": "entry.be", "pk": 85, "fields": {"date_entry": "2023-10-09", "time_entry": "11:53:00", "status": "E", "customers": 1}}, {"model": "entry.be", "pk": 86, "fields": {"date_entry": "2023-10-07", "time_entry": "11:33:00", "status": "E", "customers": 28}}, {"model": "entry.be", "pk": 87, "fields": {"date_entry": "2023-10-11", "time_entry": "14:32:00", "status": "E", "customers": 4}}, {"model": "entry.be_line", "pk": 1, "fields": {"qty": 1, "type": "TPN", "length": 560, "width": 1000, "thickness": "10/10", "owner": "Client", "be": 1}}, {"model": "entry.be_line", "pk": 2, "fields": {"qty": 1, "type": "TPN", "length": 570, "width": 1000, "thickness": "12/10", "owner": "Client", "be": 1}}, {"model": "entry.be_line", "pk": 3, "fields": {"qty": 1, "type": "TPN", "length": 2000, "width": 1000, "thickness": "8/10", "owner": "Client", "be": 2}}, {"model": "entry.be_line", "pk": 4, "fields": {"qty": 1, "type": "TPN", "length": 2000, "width": 1000, "thickness": "8/10", "owner": "Client", "be": 3}}, {"model": "entry.be_line", "pk": 5, "fields": {"qty": 2, "type": "TPN", "length": 2000, "width": 1000, "thickness": "10/10", "owner": "Client", "be": 5}}, {"model": "entry.be_line", "pk": 6, "fields": {"qty": 1, "type": "TPN", "length": 2000, "width": 1000, "thickness": "10/10", "owner": "Client", "be": 6}}, {"model": "entry.be_line", "pk": 7, "fields": {"qty": 1, "type": "TPN", "length": 2000, "width": 1000, "thickness": "9/10", "owner": "Client", "be": 6}}, {"model": "entry.be_line", "pk": 8, "fields": {"qty": 1, "type": "TPN", "length": 2000, "width": 1000, "thickness": "8/10", "owner": "Client", "be": 6}}, {"model": "entry.be_line", "pk": 9, "fields": {"qty": 1, "type": "TPN", "length": 2000, "width": 1000, "thickness": "8/10", "owner": "Client", "be": 7}}, {"model": "entry.be_line", "pk": 10, "fields": {"qty": 1, "type": "TPN", "length": 2000, "width": 1000, "thickness": "7/10", "owner": "Client", "be": 7}}, {"model": "entry.be_line", "pk": 11, "fields": {"qty": 1, "type": "TPN", "length": 2000, "width": 1000, "thickness": "8/10", "owner": "Client", "be": 8}}, {"model": "entry.be_line", "pk": 12, "fields": {"qty": 2, "type": "TPN", "length": 2000, "width": 1000, "thickness": "7/10", "owner": "Client", "be": 9}}, {"model": "entry.be_line", "pk": 13, "fields": {"qty": 1, "type": "TPN", "length": 2000, "width": 1000, "thickness": "8/10", "owner": "Client", "be": 10}}, {"model": "entry.be_line", "pk": 14, "fields": {"qty": 2, "type": "TPN", "length": 2000, "width": 1000, "thickness": "8/10", "owner": "Client", "be": 11}}, {"model": "entry.be_line", "pk": 15, "fields": {"qty": 2, "type": "TPN", "length": 2000, "width": 1000, "thickness": "8/10", "owner": "Client", "be": 12}}, {"model": "entry.be_line", "pk": 16, "fields": {"qty": 1, "type": "TPN", "length": 2000, "width": 1000, "thickness": "10/10", "owner": "Client", "be": 13}}, {"model": "entry.be_line", "pk": 17, "fields": {"qty": 2, "type": "TPN", "length": 207, "width": 1170, "thickness": "10/10", "owner": "Client", "be": 13}}, {"model": "entry.be_line", "pk": 18, "fields": {"qty": 5, "type": "TPN", "length": 2000, "width": 1000, "thickness": "8/10", "owner": "Client", "be": 14}}, {"model": "entry.be_line", "pk": 19, "fields": {"qty": 1, "type": "TPN", "length": 2000, "width": 1000, "thickness": "8/10", "owner": "Client", "be": 15}}, {"model": "entry.be_line", "pk": 20, "fields": {"qty": 1, "type": "TPN", "length": 2000, "width": 1000, "thickness": "8/10", "owner": "Client", "be": 16}}, {"model": "entry.be_line", "pk": 21, "fields": {"qty": 7, "type": "TPG", "length": 400, "width": 2000, "thickness": "50/100", "owner": "Client", "be": 17}}, {"model": "entry.be_line", "pk": 22, "fields": {"qty": 1, "type": "TPN", "length": 2000, "width": 1000, "thickness": "8/10", "owner": "Client", "be": 18}}, {"model": "entry.be_line", "pk": 23, "fields": {"qty": 4, "type": "TPG", "length": 335, "width": 2000, "thickness": "50/100", "owner": "Client", "be": 19}}, {"model": "entry.be_line", "pk": 24, "fields": {"qty": 1, "type": "TPN", "length": 635, "width": 770, "thickness": "8/10", "owner": "Client", "be": 20}}, {"model": "entry.be_line", "pk": 25, "fields": {"qty": 1, "type": "TPN", "length": 2000, "width": 1000, "thickness": "8/10", "owner": "Client", "be": 21}}, {"model": "entry.be_line", "pk": 26, "fields": {"qty": 1, "type": "TPN", "length": 900, "width": 1000, "thickness": "10/10", "owner": "Client", "be": 22}}, {"model": "entry.be_line", "pk": 27, "fields": {"qty": 1, "type": "TPN", "length": 900, "width": 2000, "thickness": "10/10", "owner": "Client", "be": 22}}, {"model": "entry.be_line", "pk": 28, "fields": {"qty": 1, "type": "TPN", "length": 2000, "width": 1000, "thickness": "10/10", "owner": "Client", "be": 23}}, {"model": "entry.be_line", "pk": 29, "fields": {"qty": 1, "type": "TPG", "length": 2000, "width": 1000, "thickness": "12/10", "owner": "Client", "be": 24}}, {"model": "entry.be_line", "pk": 30, "fields": {"qty": 1, "type": "TPG", "length": 780, "width": 780, "thickness": "15/10", "owner": "Client", "be": 24}}, {"model": "entry.be_line", "pk": 31, "fields": {"qty": 1, "type": "TPN", "length": 2000, "width": 1000, "thickness": "8/10", "owner": "Client", "be": 25}}, {"model": "entry.be_line", "pk": 32, "fields": {"qty": 6, "type": "TPN", "length": 2000, "width": 1000, "thickness": "12/10", "owner": "Client", "be": 26}}, {"model": "entry.be_line", "pk": 33, "fields": {"qty": 1, "type": "TPN", "length": 1000, "width": 1230, "thickness": "8/10", "owner": "Client", "be": 27}}, {"model": "entry.be_line", "pk": 34, "fields": {"qty": 3, "type": "TPG", "length": 2000, "width": 1000, "thickness": "40/100", "owner": "Client", "be": 28}}, {"model": "entry.be_line", "pk": 35, "fields": {"qty": 1, "type": "TPN", "length": 2000, "width": 1000, "thickness": "8/10", "owner": "Client", "be": 29}}, {"model": "entry.be_line", "pk": 36, "fields": {"qty": 4, "type": "TPN", "length": 2000, "width": 1000, "thickness": "10/10", "owner": "Client", "be": 30}}, {"model": "entry.be_line", "pk": 37, "fields": {"qty": 7, "type": "TPN", "length": 2000, "width": 1000, "thickness": "11/10", "owner": "Client", "be": 31}}, {"model": "entry.be_line", "pk": 38, "fields": {"qty": 2, "type": "TPN", "length": 2000, "width": 1000, "thickness": "7/10", "owner": "Client", "be": 31}}, {"model": "entry.be_line", "pk": 39, "fields": {"qty": 1, "type": "TPN", "length": 2000, "width": 1000, "thickness": "8/10", "owner": "Client", "be": 32}}, {"model": "entry.be_line", "pk": 40, "fields": {"qty": 1, "type": "TPN", "length": 2000, "width": 1000, "thickness": "7/10", "owner": "Client", "be": 33}}, {"model": "entry.be_line", "pk": 41, "fields": {"qty": 1, "type": "TPN", "length": 2000, "width": 1000, "thickness": "8/10", "owner": "Client", "be": 34}}, {"model": "entry.be_line", "pk": 42, "fields": {"qty": 1, "type": "TPN", "length": 2000, "width": 1000, "thickness": "7/10", "owner": "Client", "be": 34}}, {"model": "entry.be_line", "pk": 43, "fields": {"qty": 1, "type": "TPN", "length": 2000, "width": 1000, "thickness": "12/10", "owner": "Client", "be": 35}}, {"model": "entry.be_line", "pk": 44, "fields": {"qty": 1, "type": "TPN", "length": 200, "width": 2000, "thickness": "10/10", "owner": "Client", "be": 36}}, {"model": "entry.be_line", "pk": 45, "fields": {"qty": 1, "type": "TPN", "length": 2000, "width": 1000, "thickness": "10/10", "owner": "Client", "be": 37}}, {"model": "entry.be_line", "pk": 46, "fields": {"qty": 4, "type": "TPN", "length": 2000, "width": 1000, "thickness": "7/10", "owner": "Client", "be": 37}}, {"model": "entry.be_line", "pk": 47, "fields": {"qty": 1, "type": "TPN", "length": 695, "width": 1000, "thickness": "10/10", "owner": "Client", "be": 37}}, {"model": "entry.be_line", "pk": 48, "fields": {"qty": 1, "type": "TPN", "length": 2000, "width": 1000, "thickness": "8/10", "owner": "Client", "be": 38}}, {"model": "entry.be_line", "pk": 49, "fields": {"qty": 1, "type": "TPN", "length": 2000, "width": 1000, "thickness": "8/10", "owner": "Client", "be": 39}}, {"model": "entry.be_line", "pk": 50, "fields": {"qty": 1, "type": "TPN", "length": 2000, "width": 1000, "thickness": "8/10", "owner": "Client", "be": 40}}, {"model": "entry.be_line", "pk": 51, "fields": {"qty": 1, "type": "TPN", "length": 2000, "width": 1000, "thickness": "7/10", "owner": "Client", "be": 41}}, {"model": "entry.be_line", "pk": 52, "fields": {"qty": 2, "type": "TPN", "length": 2000, "width": 1000, "thickness": "7/10", "owner": "Client", "be": 42}}, {"model": "entry.be_line", "pk": 53, "fields": {"qty": 1, "type": "TPN", "length": 2000, "width": 1000, "thickness": "8/10", "owner": "Client", "be": 43}}, {"model": "entry.be_line", "pk": 54, "fields": {"qty": 1, "type": "TPN", "length": 2000, "width": 1000, "thickness": "7/10", "owner": "Client", "be": 44}}, {"model": "entry.be_line", "pk": 55, "fields": {"qty": 1, "type": "TPN", "length": 2000, "width": 1000, "thickness": "8/10", "owner": "Client", "be": 45}}, {"model": "entry.be_line", "pk": 56, "fields": {"qty": 1, "type": "TPN", "length": 30, "width": 1200, "thickness": "8/10", "owner": "Client", "be": 46}}, {"model": "entry.be_line", "pk": 57, "fields": {"qty": 1, "type": "TPN", "length": 2000, "width": 1000, "thickness": "7/10", "owner": "Client", "be": 47}}, {"model": "entry.be_line", "pk": 58, "fields": {"qty": 1, "type": "TPN", "length": 2000, "width": 1000, "thickness": "7/10", "owner": "Client", "be": 48}}, {"model": "entry.be_line", "pk": 59, "fields": {"qty": 2, "type": "TPN", "length": 2000, "width": 1000, "thickness": "9/10", "owner": "Plitech", "be": 49}}, {"model": "entry.be_line", "pk": 60, "fields": {"qty": 2, "type": "TPG", "length": 330, "width": 2000, "thickness": "40/100", "owner": "Client", "be": 50}}, {"model": "entry.be_line", "pk": 61, "fields": {"qty": 1, "type": "TPG", "length": 330, "width": 1700, "thickness": "40/100", "owner": "Client", "be": 50}}, {"model": "entry.be_line", "pk": 62, "fields": {"qty": 1, "type": "TPN", "length": 2000, "width": 1000, "thickness": "7/10", "owner": "Client", "be": 51}}, {"model": "entry.be_line", "pk": 63, "fields": {"qty": 2, "type": "TPN", "length": 2000, "width": 1000, "thickness": "7/10", "owner": "Client", "be": 52}}, {"model": "entry.be_line", "pk": 64, "fields": {"qty": 1, "type": "TPN", "length": 2000, "width": 1000, "thickness": "7/10", "owner": "Client", "be": 53}}, {"model": "entry.be_line", "pk": 65, "fields": {"qty": 1, "type": "TPN", "length": 2000, "width": 1000, "thickness": "8/10", "owner": "Client", "be": 54}}, {"model": "entry.be_line", "pk": 66, "fields": {"qty": 3, "type": "TPN", "length": 2000, "width": 1000, "thickness": "7/10", "owner": "Client", "be": 55}}, {"model": "entry.be_line", "pk": 67, "fields": {"qty": 2, "type": "TPN", "length": 2000, "width": 1000, "thickness": "7/10", "owner": "Client", "be": 56}}, {"model": "entry.be_line", "pk": 68, "fields": {"qty": 1, "type": "TPN", "length": 2000, "width": 1000, "thickness": "8/10", "owner": "Client", "be": 57}}, {"model": "entry.be_line", "pk": 69, "fields": {"qty": 1, "type": "TPG", "length": 2000, "width": 1000, "thickness": "12/10", "owner": "Client", "be": 58}}, {"model": "entry.be_line", "pk": 70, "fields": {"qty": 1, "type": "TPG", "length": 2000, "width": 1000, "thickness": "12/10", "owner": "Client", "be": 58}}, {"model": "entry.be_line", "pk": 71, "fields": {"qty": 2, "type": "TPN", "length": 448, "width": 998, "thickness": "12/10", "owner": "Client", "be": 58}}, {"model": "entry.be_line", "pk": 72, "fields": {"qty": 1, "type": "TPN", "length": 2000, "width": 1000, "thickness": "8/10", "owner": "Client", "be": 59}}, {"model": "entry.be_line", "pk": 73, "fields": {"qty": 1, "type": "TPG", "length": 2000, "width": 1000, "thickness": "8/10", "owner": "Client", "be": 60}}, {"model": "entry.be_line", "pk": 74, "fields": {"qty": 2, "type": "TPG", "length": 600, "width": 885, "thickness": "8/10", "owner": "Client", "be": 61}}, {"model": "entry.be_line", "pk": 75, "fields": {"qty": 1, "type": "TPN", "length": 2000, "width": 1000, "thickness": "12/10", "owner": "Client", "be": 62}}, {"model": "entry.be_line", "pk": 76, "fields": {"qty": 1, "type": "TPN", "length": 2000, "width": 1000, "thickness": "7/10", "owner": "Client", "be": 63}}, {"model": "entry.be_line", "pk": 77, "fields": {"qty": 1, "type": "TPN", "length": 2000, "width": 1000, "thickness": "11/10", "owner": "Client", "be": 64}}, {"model": "entry.be_line", "pk": 78, "fields": {"qty": 1, "type": "TPN", "length": 2000, "width": 1000, "thickness": "7/10", "owner": "Client", "be": 65}}, {"model": "entry.be_line", "pk": 79, "fields": {"qty": 8, "type": "TPN", "length": 2000, "width": 1000, "thickness": "11/10", "owner": "Client", "be": 66}}, {"model": "entry.be_line", "pk": 80, "fields": {"qty": 2, "type": "TPG", "length": 700, "width": 2000, "thickness": "50/100", "owner": "Client", "be": 67}}, {"model": "entry.be_line", "pk": 81, "fields": {"qty": 1, "type": "TPN", "length": 2000, "width": 1000, "thickness": "10/10", "owner": "Client", "be": 68}}, {"model": "entry.be_line", "pk": 82, "fields": {"qty": 1, "type": "TPN", "length": 2000, "width": 1000, "thickness": "10/10", "owner": "Plitech", "be": 69}}, {"model": "entry.be_line", "pk": 83, "fields": {"qty": 1, "type": "TPN", "length": 2000, "width": 1000, "thickness": "7/10", "owner": "Client", "be": 70}}, {"model": "entry.be_line", "pk": 84, "fields": {"qty": 1, "type": "TPN", "length": 2000, "width": 1000, "thickness": "7/10", "owner": "Client", "be": 71}}, {"model": "entry.be_line", "pk": 85, "fields": {"qty": 1, "type": "TPN", "length": 2000, "width": 1000, "thickness": "7/10", "owner": "Client", "be": 72}}, {"model": "entry.be_line", "pk": 86, "fields": {"qty": 1, "type": "TPN", "length": 2000, "width": 1000, "thickness": "7/10", "owner": "Client", "be": 73}}, {"model": "entry.be_line", "pk": 87, "fields": {"qty": 2, "type": "TPN", "length": 2000, "width": 1000, "thickness": "10/10", "owner": "Client", "be": 74}}, {"model": "entry.be_line", "pk": 88, "fields": {"qty": 13, "type": "TPG", "length": 445, "width": 2000, "thickness": "40/100", "owner": "Client", "be": 75}}, {"model": "entry.be_line", "pk": 89, "fields": {"qty": 2, "type": "TPN", "length": 121, "width": 2000, "thickness": "12/10", "owner": "Client", "be": 76}}, {"model": "entry.be_line", "pk": 90, "fields": {"qty": 4, "type": "TPN", "length": 2000, "width": 1000, "thickness": "2 mm", "owner": "Client", "be": 77}}, {"model": "entry.be_line", "pk": 91, "fields": {"qty": 1, "type": "TPN", "length": 2000, "width": 1000, "thickness": "7/10", "owner": "Client", "be": 78}}, {"model": "entry.be_line", "pk": 92, "fields": {"qty": 2, "type": "TPN", "length": 2000, "width": 1000, "thickness": "10/10", "owner": "Client", "be": 79}}, {"model": "entry.be_line", "pk": 93, "fields": {"qty": 1, "type": "TPN", "length": 2000, "width": 1000, "thickness": "7/10", "owner": "Client", "be": 80}}, {"model": "entry.be_line", "pk": 94, "fields": {"qty": 1, "type": "TPN", "length": 2000, "width": 1000, "thickness": "9/10", "owner": "Client", "be": 81}}, {"model": "entry.be_line", "pk": 95, "fields": {"qty": 1, "type": "TPN", "length": 2000, "width": 1000, "thickness": "8/10", "owner": "Client", "be": 81}}, {"model": "entry.be_line", "pk": 96, "fields": {"qty": 2, "type": "TPN", "length": 2000, "width": 1000, "thickness": "8/10", "owner": "Client", "be": 82}}, {"model": "entry.be_line", "pk": 97, "fields": {"qty": 5, "type": "TPN", "length": 600, "width": 1805, "thickness": "10/10", "owner": "Client", "be": 83}}, {"model": "entry.be_line", "pk": 98, "fields": {"qty": 8, "type": "TPN", "length": 600, "width": 770, "thickness": "10/10", "owner": "Client", "be": 83}}, {"model": "entry.be_line", "pk": 99, "fields": {"qty": 4, "type": "TPN", "length": 2000, "width": 1000, "thickness": "7/10", "owner": "Client", "be": 84}}, {"model": "entry.be_line", "pk": 100, "fields": {"qty": 1, "type": "TPG", "length": 2000, "width": 1000, "thickness": "12/10", "owner": "Client", "be": 85}}, {"model": "entry.be_line", "pk": 101, "fields": {"qty": 1, "type": "TPG", "length": 163, "width": 2000, "thickness": "10/10", "owner": "Client", "be": 85}}, {"model": "entry.be_line", "pk": 102, "fields": {"qty": 1, "type": "TPG", "length": 164, "width": 2000, "thickness": "10/10", "owner": "Client", "be": 85}}, {"model": "entry.be_line", "pk": 103, "fields": {"qty": 1, "type": "TPN", "length": 2000, "width": 1000, "thickness": "12/10", "owner": "Tojo", "be": 86}}, {"model": "entry.be_line", "pk": 104, "fields": {"qty": 3, "type": "TPG", "length": 450, "width": 2000, "thickness": "40/100", "owner": "Client", "be": 87}}, {"model": "entry.invoice", "pk": 1, "fields": {"number": 250, "date": "2023-09-01", "be": 1, "total": 10, "total_sm": 0, "discount": 0}}, {"model": "entry.invoice", "pk": 2, "fields": {"number": 251, "date": "2023-09-01", "be": 2, "total": 15, "total_sm": 0, "discount": 0}}, {"model": "entry.invoice", "pk": 3, "fields": {"number": 253, "date": "2023-10-02", "be": 4, "total": 15, "total_sm": 0, "discount": 0}}, {"model": "entry.invoice", "pk": 4, "fields": {"number": 254, "date": "2023-09-02", "be": 5, "total": 4800, "total_sm": 0, "discount": 0}}, {"model": "entry.invoice", "pk": 5, "fields": {"number": 256, "date": "2023-09-02", "be": 7, "total": 39000, "total_sm": 0, "discount": 0}}, {"model": "entry.invoice", "pk": 6, "fields": {"number": 257, "date": "2023-10-02", "be": 8, "total": 15000, "total_sm": 0, "discount": 0}}, {"model": "entry.invoice", "pk": 7, "fields": {"number": 258, "date": "2023-10-10", "be": 9, "total": 1200, "total_sm": 0, "discount": 0}}, {"model": "entry.invoice", "pk": 8, "fields": {"number": 259, "date": "2023-09-04", "be": 10, "total": 12000, "total_sm": 0, "discount": 0}}, {"model": "entry.invoice", "pk": 9, "fields": {"number": 260, "date": "2023-09-04", "be": 11, "total": 30000, "total_sm": 0, "discount": 0}}, {"model": "entry.invoice", "pk": 10, "fields": {"number": 261, "date": "2023-09-04", "be": 12, "total": 39000, "total_sm": 0, "discount": 0}}, {"model": "entry.invoice", "pk": 11, "fields": {"number": 262, "date": "2023-09-04", "be": 13, "total": 23500, "total_sm": 0, "discount": 0}}, {"model": "entry.invoice", "pk": 12, "fields": {"number": 263, "date": "2023-09-05", "be": 14, "total": 39000, "total_sm": 0, "discount": 0}}, {"model": "entry.invoice", "pk": 13, "fields": {"number": 265, "date": "2023-09-05", "be": 15, "total": 12000, "total_sm": 0, "discount": 0}}, {"model": "entry.invoice", "pk": 14, "fields": {"number": 264, "date": "2023-09-05", "be": 16, "total": 15000, "total_sm": 0, "discount": 0}}, {"model": "entry.invoice", "pk": 15, "fields": {"number": 266, "date": "2023-09-07", "be": 17, "total": 16800, "total_sm": 0, "discount": 0}}, {"model": "entry.invoice", "pk": 16, "fields": {"number": 267, "date": "2023-09-07", "be": 18, "total": 12000, "total_sm": 0, "discount": 0}}, {"model": "entry.invoice", "pk": 17, "fields": {"number": 268, "date": "2023-09-08", "be": 19, "total": 7200, "total_sm": 0, "discount": 0}}, {"model": "entry.invoice", "pk": 18, "fields": {"number": 269, "date": "2023-09-08", "be": 20, "total": 1200, "total_sm": 0, "discount": 0}}, {"model": "entry.invoice", "pk": 19, "fields": {"number": 270, "date": "2023-10-11", "be": 21, "total": 12000, "total_sm": 0, "discount": 0}}, {"model": "entry.invoice", "pk": 20, "fields": {"number": 271, "date": "2023-09-09", "be": 22, "total": 8400, "total_sm": 0, "discount": 0}}, {"model": "entry.invoice", "pk": 21, "fields": {"number": 272, "date": "2023-09-11", "be": 23, "total": 15000, "total_sm": 0, "discount": 0}}, {"model": "entry.invoice", "pk": 22, "fields": {"number": 273, "date": "2023-09-11", "be": 24, "total": 8300, "total_sm": 0, "discount": 0}}, {"model": "entry.invoice", "pk": 23, "fields": {"number": 274, "date": "2023-09-11", "be": 25, "total": 20000, "total_sm": 0, "discount": 0}}, {"model": "entry.invoice", "pk": 24, "fields": {"number": 275, "date": "2023-10-12", "be": 26, "total": 72000, "total_sm": 0, "discount": 0}}, {"model": "entry.invoice", "pk": 25, "fields": {"number": 276, "date": "2023-09-12", "be": 27, "total": 8000, "total_sm": 0, "discount": 0}}, {"model": "entry.invoice", "pk": 26, "fields": {"number": 277, "date": "2023-09-12", "be": 28, "total": 19800, "total_sm": 0, "discount": 0}}, {"model": "entry.invoice", "pk": 27, "fields": {"number": 278, "date": "2023-10-13", "be": 29, "total": 12000, "total_sm": 0, "discount": 0}}, {"model": "entry.invoice", "pk": 28, "fields": {"number": 279, "date": "2023-10-13", "be": 30, "total": 5400, "total_sm": 392000, "discount": 14800}}, {"model": "entry.invoice", "pk": 29, "fields": {"number": 280, "date": "2023-09-14", "be": 31, "total": 120000, "total_sm": 0, "discount": 0}}, {"model": "entry.invoice", "pk": 30, "fields": {"number": 281, "date": "2023-09-15", "be": 32, "total": 15000, "total_sm": 0, "discount": 0}}, {"model": "entry.invoice", "pk": 31, "fields": {"number": 282, "date": "2023-09-15", "be": 33, "total": 13500, "total_sm": 0, "discount": 0}}, {"model": "entry.invoice", "pk": 32, "fields": {"number": 283, "date": "2023-09-15", "be": 34, "total": 15000, "total_sm": 0, "discount": 0}}, {"model": "entry.invoice", "pk": 33, "fields": {"number": 284, "date": "2023-09-15", "be": 35, "total": 15000, "total_sm": 0, "discount": 0}}, {"model": "entry.invoice", "pk": 34, "fields": {"number": 285, "date": "2023-09-16", "be": 36, "total": 3000, "total_sm": 0, "discount": 0}}, {"model": "entry.invoice", "pk": 35, "fields": {"number": 286, "date": "2023-09-16", "be": 37, "total": 37600, "total_sm": 0, "discount": 0}}, {"model": "entry.invoice", "pk": 36, "fields": {"number": 287, "date": "2023-09-16", "be": 38, "total": 12000, "total_sm": 0, "discount": 0}}, {"model": "entry.invoice", "pk": 37, "fields": {"number": 288, "date": "2023-09-16", "be": 39, "total": 13500, "total_sm": 0, "discount": 0}}, {"model": "entry.invoice", "pk": 38, "fields": {"number": 289, "date": "2023-09-16", "be": 40, "total": 19000, "total_sm": 0, "discount": 0}}, {"model": "entry.invoice", "pk": 39, "fields": {"number": 290, "date": "2023-09-18", "be": 41, "total": 6000, "total_sm": 93000, "discount": 3700}}, {"model": "entry.invoice", "pk": 40, "fields": {"number": 291, "date": "2023-09-18", "be": 42, "total": 20000, "total_sm": 0, "discount": 0}}, {"model": "entry.invoice", "pk": 41, "fields": {"number": 292, "date": "2023-09-18", "be": 43, "total": 12000, "total_sm": 0, "discount": 0}}, {"model": "entry.invoice", "pk": 42, "fields": {"number": 293, "date": "2023-09-18", "be": 44, "total": 13000, "total_sm": 0, "discount": 0}}, {"model": "entry.invoice", "pk": 43, "fields": {"number": 294, "date": "2023-09-18", "be": 45, "total": 12000, "total_sm": 0, "discount": 0}}, {"model": "entry.invoice", "pk": 44, "fields": {"number": 295, "date": "2023-09-19", "be": 46, "total": 2400, "total_sm": 0, "discount": 0}}, {"model": "entry.invoice", "pk": 45, "fields": {"number": 296, "date": "2023-09-20", "be": 47, "total": 12000, "total_sm": 0, "discount": 0}}, {"model": "entry.invoice", "pk": 46, "fields": {"number": 297, "date": "2023-09-21", "be": 48, "total": 12000, "total_sm": 0, "discount": 0}}, {"model": "entry.invoice", "pk": 47, "fields": {"number": 298, "date": "2023-09-21", "be": 49, "total": 36000, "total_sm": 186000, "discount": 7400}}, {"model": "entry.invoice", "pk": 48, "fields": {"number": 299, "date": "2023-09-21", "be": 50, "total": 7200, "total_sm": 0, "discount": 0}}, {"model": "entry.invoice", "pk": 49, "fields": {"number": 300, "date": "2023-09-21", "be": 51, "total": 14000, "total_sm": 0, "discount": 0}}, {"model": "entry.invoice", "pk": 50, "fields": {"number": 301, "date": "2023-09-21", "be": 52, "total": 20000, "total_sm": 0, "discount": 0}}, {"model": "entry.invoice", "pk": 51, "fields": {"number": 302, "date": "2023-09-21", "be": 53, "total": 13500, "total_sm": 0, "discount": 0}}, {"model": "entry.invoice", "pk": 52, "fields": {"number": 303, "date": "2023-09-22", "be": 54, "total": 7000, "total_sm": 0, "discount": 0}}, {"model": "entry.invoice", "pk": 53, "fields": {"number": 304, "date": "2023-09-23", "be": 55, "total": 43500, "total_sm": 0, "discount": 0}}, {"model": "entry.invoice", "pk": 54, "fields": {"number": 305, "date": "2023-09-25", "be": 56, "total": 20000, "total_sm": 0, "discount": 0}}, {"model": "entry.invoice", "pk": 55, "fields": {"number": 306, "date": "2023-09-25", "be": 57, "total": 15000, "total_sm": 0, "discount": 0}}, {"model": "entry.invoice", "pk": 56, "fields": {"number": 308, "date": "2023-09-26", "be": 59, "total": 13500, "total_sm": 0, "discount": 0}}, {"model": "entry.invoice", "pk": 57, "fields": {"number": 309, "date": "2023-09-26", "be": 60, "total": 7800, "total_sm": 0, "discount": 0}}, {"model": "entry.invoice", "pk": 58, "fields": {"number": 310, "date": "2023-09-27", "be": 62, "total": 2400, "total_sm": 0, "discount": 0}}, {"model": "entry.invoice", "pk": 59, "fields": {"number": 312, "date": "2023-09-28", "be": 63, "total": 13500, "total_sm": 0, "discount": 0}}, {"model": "entry.invoice", "pk": 60, "fields": {"number": 313, "date": "2023-09-28", "be": 64, "total": 6000, "total_sm": 0, "discount": 0}}, {"model": "entry.invoice", "pk": 61, "fields": {"number": 314, "date": "2023-09-28", "be": 65, "total": 13500, "total_sm": 0, "discount": 0}}, {"model": "entry.invoice", "pk": 62, "fields": {"number": 315, "date": "2023-09-28", "be": 66, "total": 99000, "total_sm": 0, "discount": 0}}, {"model": "entry.invoice", "pk": 63, "fields": {"number": 316, "date": "2023-09-28", "be": 67, "total": 4800, "total_sm": 0, "discount": 0}}, {"model": "entry.invoice", "pk": 64, "fields": {"number": 317, "date": "2023-09-28", "be": 68, "total": 13000, "total_sm": 0, "discount": 0}}, {"model": "entry.invoice", "pk": 65, "fields": {"number": 318, "date": "2023-09-29", "be": 69, "total": 15000, "total_sm": 98000, "discount": 0}}, {"model": "entry.invoice", "pk": 66, "fields": {"number": 319, "date": "2023-09-29", "be": 70, "total": 13500, "total_sm": 0, "discount": 0}}, {"model": "entry.invoice", "pk": 67, "fields": {"number": 320, "date": "2023-09-29", "be": 71, "total": 13500, "total_sm": 0, "discount": 0}}, {"model": "entry.invoice", "pk": 68, "fields": {"number": 321, "date": "2023-09-29", "be": 72, "total": 13500, "total_sm": 0, "discount": 0}}, {"model": "entry.invoice", "pk": 69, "fields": {"number": 322, "date": "2023-09-30", "be": 73, "total": 15000, "total_sm": 0, "discount": 0}}, {"model": "entry.invoice", "pk": 70, "fields": {"number": 323, "date": "2023-10-02", "be": 74, "total": 24000, "total_sm": 0, "discount": 0}}, {"model": "entry.invoice", "pk": 71, "fields": {"number": 324, "date": "2023-10-03", "be": 75, "total": 31200, "total_sm": 0, "discount": 0}}, {"model": "entry.invoice", "pk": 72, "fields": {"number": 325, "date": "2023-10-03", "be": 76, "total": 6400, "total_sm": 0, "discount": 0}}, {"model": "entry.invoice", "pk": 73, "fields": {"number": 326, "date": "2023-10-03", "be": 77, "total": 100000, "total_sm": 0, "discount": 0}}, {"model": "entry.invoice", "pk": 74, "fields": {"number": 327, "date": "2023-10-04", "be": 78, "total": 15000, "total_sm": 0, "discount": 0}}, {"model": "entry.invoice", "pk": 75, "fields": {"number": 328, "date": "2023-10-06", "be": 79, "total": 29200, "total_sm": 0, "discount": 0}}, {"model": "entry.invoice", "pk": 76, "fields": {"number": 331, "date": "2023-10-06", "be": 82, "total": 30000, "total_sm": 0, "discount": 0}}, {"model": "entry.invoice", "pk": 77, "fields": {"number": 332, "date": "2023-10-07", "be": 83, "total": 80000, "total_sm": 0, "discount": 0}}, {"model": "entry.invoice", "pk": 78, "fields": {"number": 333, "date": "2023-10-09", "be": 84, "total": 60000, "total_sm": 0, "discount": 0}}, {"model": "entry.invoice", "pk": 79, "fields": {"number": 334, "date": "2023-10-09", "be": 85, "total": 30200, "total_sm": 0, "discount": 0}}, {"model": "entry.invoice", "pk": 80, "fields": {"number": 335, "date": "2023-10-07", "be": 86, "total": 12000, "total_sm": 100000, "discount": 0}}]