[{"model": "auth.permission", "pk": 1, "fields": {"name": "Can add log entry", "content_type": 1, "codename": "add_logentry"}}, {"model": "auth.permission", "pk": 2, "fields": {"name": "Can change log entry", "content_type": 1, "codename": "change_logentry"}}, {"model": "auth.permission", "pk": 3, "fields": {"name": "Can delete log entry", "content_type": 1, "codename": "delete_logentry"}}, {"model": "auth.permission", "pk": 4, "fields": {"name": "Can view log entry", "content_type": 1, "codename": "view_logentry"}}, {"model": "auth.permission", "pk": 5, "fields": {"name": "Can add permission", "content_type": 2, "codename": "add_permission"}}, {"model": "auth.permission", "pk": 6, "fields": {"name": "Can change permission", "content_type": 2, "codename": "change_permission"}}, {"model": "auth.permission", "pk": 7, "fields": {"name": "Can delete permission", "content_type": 2, "codename": "delete_permission"}}, {"model": "auth.permission", "pk": 8, "fields": {"name": "Can view permission", "content_type": 2, "codename": "view_permission"}}, {"model": "auth.permission", "pk": 9, "fields": {"name": "Can add group", "content_type": 3, "codename": "add_group"}}, {"model": "auth.permission", "pk": 10, "fields": {"name": "Can change group", "content_type": 3, "codename": "change_group"}}, {"model": "auth.permission", "pk": 11, "fields": {"name": "Can delete group", "content_type": 3, "codename": "delete_group"}}, {"model": "auth.permission", "pk": 12, "fields": {"name": "Can view group", "content_type": 3, "codename": "view_group"}}, {"model": "auth.permission", "pk": 13, "fields": {"name": "Can add user", "content_type": 4, "codename": "add_user"}}, {"model": "auth.permission", "pk": 14, "fields": {"name": "Can change user", "content_type": 4, "codename": "change_user"}}, {"model": "auth.permission", "pk": 15, "fields": {"name": "Can delete user", "content_type": 4, "codename": "delete_user"}}, {"model": "auth.permission", "pk": 16, "fields": {"name": "Can view user", "content_type": 4, "codename": "view_user"}}, {"model": "auth.permission", "pk": 17, "fields": {"name": "Can add content type", "content_type": 5, "codename": "add_contenttype"}}, {"model": "auth.permission", "pk": 18, "fields": {"name": "Can change content type", "content_type": 5, "codename": "change_contenttype"}}, {"model": "auth.permission", "pk": 19, "fields": {"name": "Can delete content type", "content_type": 5, "codename": "delete_contenttype"}}, {"model": "auth.permission", "pk": 20, "fields": {"name": "Can view content type", "content_type": 5, "codename": "view_contenttype"}}, {"model": "auth.permission", "pk": 21, "fields": {"name": "Can add session", "content_type": 6, "codename": "add_session"}}, {"model": "auth.permission", "pk": 22, "fields": {"name": "Can change session", "content_type": 6, "codename": "change_session"}}, {"model": "auth.permission", "pk": 23, "fields": {"name": "Can delete session", "content_type": 6, "codename": "delete_session"}}, {"model": "auth.permission", "pk": 24, "fields": {"name": "Can view session", "content_type": 6, "codename": "view_session"}}, {"model": "auth.permission", "pk": 25, "fields": {"name": "Can add customers", "content_type": 7, "codename": "add_customers"}}, {"model": "auth.permission", "pk": 26, "fields": {"name": "Can change customers", "content_type": 7, "codename": "change_customers"}}, {"model": "auth.permission", "pk": 27, "fields": {"name": "Can delete customers", "content_type": 7, "codename": "delete_customers"}}, {"model": "auth.permission", "pk": 28, "fields": {"name": "Can view customers", "content_type": 7, "codename": "view_customers"}}, {"model": "auth.permission", "pk": 29, "fields": {"name": "Can add be", "content_type": 8, "codename": "add_be"}}, {"model": "auth.permission", "pk": 30, "fields": {"name": "Can change be", "content_type": 8, "codename": "change_be"}}, {"model": "auth.permission", "pk": 31, "fields": {"name": "Can delete be", "content_type": 8, "codename": "delete_be"}}, {"model": "auth.permission", "pk": 32, "fields": {"name": "Can view be", "content_type": 8, "codename": "view_be"}}, {"model": "auth.permission", "pk": 33, "fields": {"name": "Can add b e_line", "content_type": 9, "codename": "add_be_line"}}, {"model": "auth.permission", "pk": 34, "fields": {"name": "Can change b e_line", "content_type": 9, "codename": "change_be_line"}}, {"model": "auth.permission", "pk": 35, "fields": {"name": "Can delete b e_line", "content_type": 9, "codename": "delete_be_line"}}, {"model": "auth.permission", "pk": 36, "fields": {"name": "Can view b e_line", "content_type": 9, "codename": "view_be_line"}}, {"model": "auth.permission", "pk": 37, "fields": {"name": "Can add invoice line", "content_type": 10, "codename": "add_invoiceline"}}, {"model": "auth.permission", "pk": 38, "fields": {"name": "Can change invoice line", "content_type": 10, "codename": "change_invoiceline"}}, {"model": "auth.permission", "pk": 39, "fields": {"name": "Can delete invoice line", "content_type": 10, "codename": "delete_invoiceline"}}, {"model": "auth.permission", "pk": 40, "fields": {"name": "Can view invoice line", "content_type": 10, "codename": "view_invoiceline"}}, {"model": "auth.permission", "pk": 41, "fields": {"name": "Can add invoice", "content_type": 11, "codename": "add_invoice"}}, {"model": "auth.permission", "pk": 42, "fields": {"name": "Can change invoice", "content_type": 11, "codename": "change_invoice"}}, {"model": "auth.permission", "pk": 43, "fields": {"name": "Can delete invoice", "content_type": 11, "codename": "delete_invoice"}}, {"model": "auth.permission", "pk": 44, "fields": {"name": "Can view invoice", "content_type": 11, "codename": "view_invoice"}}, {"model": "auth.permission", "pk": 45, "fields": {"name": "Can add banknote", "content_type": 12, "codename": "add_banknote"}}, {"model": "auth.permission", "pk": 46, "fields": {"name": "Can change banknote", "content_type": 12, "codename": "change_banknote"}}, {"model": "auth.permission", "pk": 47, "fields": {"name": "Can delete banknote", "content_type": 12, "codename": "delete_banknote"}}, {"model": "auth.permission", "pk": 48, "fields": {"name": "Can view banknote", "content_type": 12, "codename": "view_banknote"}}, {"model": "auth.permission", "pk": 49, "fields": {"name": "Can add expense", "content_type": 13, "codename": "add_expense"}}, {"model": "auth.permission", "pk": 50, "fields": {"name": "Can change expense", "content_type": 13, "codename": "change_expense"}}, {"model": "auth.permission", "pk": 51, "fields": {"name": "Can delete expense", "content_type": 13, "codename": "delete_expense"}}, {"model": "auth.permission", "pk": 52, "fields": {"name": "Can view expense", "content_type": 13, "codename": "view_expense"}}, {"model": "contenttypes.contenttype", "pk": 1, "fields": {"app_label": "admin", "model": "logentry"}}, {"model": "contenttypes.contenttype", "pk": 2, "fields": {"app_label": "auth", "model": "permission"}}, {"model": "contenttypes.contenttype", "pk": 3, "fields": {"app_label": "auth", "model": "group"}}, {"model": "contenttypes.contenttype", "pk": 4, "fields": {"app_label": "auth", "model": "user"}}, {"model": "contenttypes.contenttype", "pk": 5, "fields": {"app_label": "contenttypes", "model": "contenttype"}}, {"model": "contenttypes.contenttype", "pk": 6, "fields": {"app_label": "sessions", "model": "session"}}, {"model": "contenttypes.contenttype", "pk": 7, "fields": {"app_label": "customers", "model": "customers"}}, {"model": "contenttypes.contenttype", "pk": 8, "fields": {"app_label": "entry", "model": "be"}}, {"model": "contenttypes.contenttype", "pk": 9, "fields": {"app_label": "entry", "model": "be_line"}}, {"model": "contenttypes.contenttype", "pk": 10, "fields": {"app_label": "entry", "model": "invoiceline"}}, {"model": "contenttypes.contenttype", "pk": 11, "fields": {"app_label": "entry", "model": "invoice"}}, {"model": "contenttypes.contenttype", "pk": 12, "fields": {"app_label": "entry", "model": "banknote"}}, {"model": "contenttypes.contenttype", "pk": 13, "fields": {"app_label": "expense", "model": "expense"}}, {"model": "customers.customers", "pk": 1, "fields": {"title": "M.", "name": "MR ZO", "company": "Inconnu", "contact": "0344581377", "location": "Andravohangy"}}, {"model": "customers.customers", "pk": 2, "fields": {"title": "M.", "name": "MR EDMOND", "company": "Inconnu", "contact": "0348403287", "location": "Inconnu"}}, {"model": "customers.customers", "pk": 3, "fields": {"title": "M.", "name": "MR NIRINA", "company": "Inconnu", "contact": "0000000000", "location": "Inconnu"}}, {"model": "customers.customers", "pk": 4, "fields": {"title": "M.", "name": "MR FINARITRA", "company": "Inconnu", "contact": "0345216241", "location": "Mahavoky"}}, {"model": "customers.customers", "pk": 5, "fields": {"title": "M.", "name": "MR L_BUILDING", "company": "L Building", "contact": "0345157054", "location": "Ambatobe"}}, {"model": "customers.customers", "pk": 6, "fields": {"title": "M.", "name": "MR MAMY DADDY", "company": "Inconnu", "contact": "0000000000", "location": "Soavinandrina"}}, {"model": "customers.customers", "pk": 7, "fields": {"title": "M.", "name": "MR LIVA", "company": "Inconnu", "contact": "0346620385", "location": "Rocade"}}, {"model": "customers.customers", "pk": 8, "fields": {"title": "M.", "name": "MR MISA", "company": "Inconnu", "contact": "0343148660", "location": "Ambohimangakely"}}, {"model": "customers.customers", "pk": 9, "fields": {"title": "M.", "name": "MR MODESTE", "company": "Inconnu", "contact": "0341803679", "location": "Anjanahary"}}, {"model": "customers.customers", "pk": 10, "fields": {"title": "M.", "name": "MR RAHERY", "company": "Inconnu", "contact": "0344423757", "location": "Avaradoha"}}, {"model": "customers.customers", "pk": 11, "fields": {"title": "M.", "name": "MR KEVIN", "company": "Inconnu", "contact": "0346157112", "location": "Avaradoha"}}, {"model": "customers.customers", "pk": 12, "fields": {"title": "M.", "name": "MR JOHARY", "company": "Ilo Art", "contact": "0343979011", "location": "Avaradoha"}}, {"model": "customers.customers", "pk": 13, "fields": {"title": "M.", "name": "MR BOSCO", "company": "O.C.M", "contact": "0333753132", "location": "Inconnu"}}, {"model": "customers.customers", "pk": 14, "fields": {"title": "M.", "name": "MR DINA", "company": "Inconnu", "contact": "0342312223", "location": "Inconnu"}}, {"model": "customers.customers", "pk": 15, "fields": {"title": "M.", "name": "MR TANTELY", "company": "O.C.M", "contact": "0344105275", "location": "Andraharo"}}, {"model": "customers.customers", "pk": 16, "fields": {"title": "M.", "name": "MR RADO", "company": "Inconnu", "contact": "0342211399", "location": "Inconnu"}}, {"model": "customers.customers", "pk": 17, "fields": {"title": "M.", "name": "MR HAJA", "company": "Inconnu", "contact": "0342560385", "location": "Soavinandriana"}}, {"model": "customers.customers", "pk": 18, "fields": {"title": "M.", "name": "MR MBOLA", "company": "Inconnu", "contact": "0341322042", "location": "Ampandrana"}}, {"model": "customers.customers", "pk": 19, "fields": {"title": "M.", "name": "MR TSIRY", "company": "Inconnu", "contact": "0341981639", "location": "Fianarantsoa"}}, {"model": "customers.customers", "pk": 20, "fields": {"title": "M.", "name": "MR ERNEST", "company": "Inconnu", "contact": "0349524992", "location": "Ambohimirary"}}, {"model": "customers.customers", "pk": 21, "fields": {"title": "M.", "name": "MR ROLLAND", "company": "Inconnu", "contact": "0340935518", "location": "Inconnu"}}, {"model": "customers.customers", "pk": 22, "fields": {"title": "M.", "name": "MR TOKY", "company": "Inconnu", "contact": "0344141142", "location": "Inconnu"}}, {"model": "customers.customers", "pk": 23, "fields": {"title": "M.", "name": "MR DOMINIQUE", "company": "Inconnu", "contact": "0332965922", "location": "Nanisana"}}, {"model": "customers.customers", "pk": 24, "fields": {"title": "M.", "name": "MR NDRIANA", "company": "Inconnu", "contact": "0341557727", "location": "Betongolo"}}, {"model": "customers.customers", "pk": 25, "fields": {"title": "M.", "name": "MR RICHARD", "company": "Inconnu", "contact": "0340146574", "location": "Inconnu"}}, {"model": "customers.customers", "pk": 26, "fields": {"title": "M.", "name": "MR TSINJO", "company": "Inconnu", "contact": "0340838758", "location": "Ambodivona"}}, {"model": "customers.customers", "pk": 27, "fields": {"title": "M.", "name": "MR ERIC", "company": "Inconnu", "contact": "0342734222", "location": "Besarety"}}, {"model": "customers.customers", "pk": 28, "fields": {"title": "M.", "name": "MR FANILO", "company": "Inconnu", "contact": "0000000000", "location": "Avaradoha"}}, {"model": "customers.customers", "pk": 29, "fields": {"title": "M.", "name": "MR MAMY", "company": "Inconnu", "contact": "0000000000", "location": "Inconnu"}}, {"model": "customers.customers", "pk": 30, "fields": {"title": "M.", "name": "MR MAMY2", "company": "Inconnu", "contact": "0000000000", "location": "Ambanidia"}}, {"model": "customers.customers", "pk": 31, "fields": {"title": "M.", "name": "MR MAMI", "company": "Inconnu", "contact": "0000000000", "location": "Ambanidia"}}, {"model": "customers.customers", "pk": 32, "fields": {"title": "M.", "name": "MR MANAMPY", "company": "Inconnu", "contact": "0000000000", "location": "Ambotrarahaba"}}, {"model": "customers.customers", "pk": 33, "fields": {"title": "M.", "name": "MR ROSA", "company": "Inconnu", "contact": "0330707810", "location": "Inconnu"}}, {"model": "customers.customers", "pk": 34, "fields": {"title": "M.", "name": "MR TIANA", "company": "Inconnu", "contact": "0000000000", "location": "Betongolo"}}, {"model": "customers.customers", "pk": 35, "fields": {"title": "M.", "name": "MR TAHIANA", "company": "Inconnu", "contact": "0341210964", "location": "Inconnu"}}, {"model": "customers.customers", "pk": 36, "fields": {"title": "M.", "name": "MR NIX", "company": "Inconnu", "contact": "0000000000", "location": "Avaradoha"}}, {"model": "customers.customers", "pk": 37, "fields": {"title": "M.", "name": "MR JIMMY", "company": "Inconnu", "contact": "0000000000", "location": "Nanisana"}}, {"model": "customers.customers", "pk": 38, "fields": {"title": "M.", "name": "MR SAFIDY", "company": "Inconnu", "contact": "0340832921", "location": "Inconnu"}}, {"model": "customers.customers", "pk": 39, "fields": {"title": "M.", "name": "MR JOSOA", "company": "Inconnu", "contact": "0000000000", "location": "Inconnu"}}, {"model": "customers.customers", "pk": 40, "fields": {"title": "M.", "name": "MR AVOTRA", "company": "Inconnu", "contact": "0000000000", "location": "Inconnu"}}, {"model": "customers.customers", "pk": 41, "fields": {"title": "M.", "name": "MR FIDÈLE", "company": "Inconnu", "contact": "0000000000", "location": "Inconnu"}}, {"model": "customers.customers", "pk": 42, "fields": {"title": "M.", "name": "MR JAMES", "company": "Inconnu", "contact": "0000000000", "location": "Inconnu"}}, {"model": "customers.customers", "pk": 43, "fields": {"title": "M.", "name": "MR BOLIDA", "company": "Inconnu", "contact": "0000000000", "location": "Avaradoha"}}, {"model": "customers.customers", "pk": 44, "fields": {"title": "M.", "name": "MR LANDRY", "company": "Hibiscus", "contact": "0000000000", "location": "Avaradoha"}}, {"model": "customers.customers", "pk": 45, "fields": {"title": "M.", "name": "MR SYLVAIN", "company": "Inconnu", "contact": "0000000000", "location": "Inconnu"}}, {"model": "customers.customers", "pk": 46, "fields": {"title": "M.", "name": "MR MENJA", "company": "Inconnu", "contact": "0000000000", "location": "Inconnu"}}, {"model": "customers.customers", "pk": 47, "fields": {"title": "M.", "name": "MR ANDRY", "company": "Inconnu", "contact": "0000000000", "location": "Inconnu"}}, {"model": "customers.customers", "pk": 48, "fields": {"title": "M.", "name": "MR SAMIR", "company": "Inconnu", "contact": "0347872000", "location": "Inconnu"}}, {"model": "customers.customers", "pk": 49, "fields": {"title": "M.", "name": "MME ANJA", "company": "Inconnu", "contact": "0000000000", "location": "Inconnu"}}, {"model": "customers.customers", "pk": 50, "fields": {"title": "M.", "name": "MME HANITRA", "company": "Inconnu", "contact": "0000000000", "location": "Inconnu"}}, {"model": "customers.customers", "pk": 51, "fields": {"title": "M.", "name": "MR HERY", "company": "PliageRAVIKI", "contact": "0000000000", "location": "Mahavoky"}}, {"model": "customers.customers", "pk": 52, "fields": {"title": "M.", "name": "MR FENOSOA", "company": "Inconnu", "contact": "0342710399", "location": "Sabotsy Namehana"}}, {"model": "customers.customers", "pk": 53, "fields": {"title": "M.", "name": "MR JUSTIN", "company": "Inconnu", "contact": "0000000000", "location": "Inconnu"}}, {"model": "customers.customers", "pk": 54, "fields": {"title": "M.", "name": "MR NELSON PAPA", "company": "Inconnu", "contact": "0000000000", "location": "Avaradoha"}}, {"model": "customers.customers", "pk": 55, "fields": {"title": "M.", "name": "MR PASCAL", "company": "Inconnu", "contact": "0000000000", "location": "Inconnu"}}, {"model": "customers.customers", "pk": 56, "fields": {"title": "M.", "name": "MR LOVA", "company": "Inconnu", "contact": "0000000000", "location": "Inconnu"}}, {"model": "customers.customers", "pk": 57, "fields": {"title": "M.", "name": "MR NARY", "company": "Inconnu", "contact": "0340899149", "location": "Inconnu"}}, {"model": "customers.customers", "pk": 58, "fields": {"title": "M.", "name": "MR DANIEL", "company": "Inconnu", "contact": "0000000000", "location": "Inconnu"}}, {"model": "customers.customers", "pk": 59, "fields": {"title": "M.", "name": "MR FRANCISSE", "company": "Inconnu", "contact": "0000000000", "location": "Inconnu"}}, {"model": "customers.customers", "pk": 60, "fields": {"title": "M.", "name": "MR TSOA", "company": "Inconnu", "contact": "0000000000", "location": "Inconnu"}}, {"model": "customers.customers", "pk": 61, "fields": {"title": "M.", "name": "MR SANTATRA", "company": "Inconnu", "contact": "0000000000", "location": "Inconnu"}}, {"model": "customers.customers", "pk": 62, "fields": {"title": "M.", "name": "MR TIAVINA", "company": "Inconnu", "contact": "0000000000", "location": "Inconnu"}}, {"model": "customers.customers", "pk": 63, "fields": {"title": "M.", "name": "MR ROBINSON", "company": "Inconnu", "contact": "0000000000", "location": "Inconnu"}}, {"model": "customers.customers", "pk": 64, "fields": {"title": "M.", "name": "MME ELIANNE", "company": "Inconnu", "contact": "0000000000", "location": "Inconnu"}}, {"model": "customers.customers", "pk": 65, "fields": {"title": "M.", "name": "MME FABRINA", "company": "Inconnu", "contact": "0346620385", "location": "Inconnu"}}, {"model": "customers.customers", "pk": 66, "fields": {"title": "M.", "name": "MR SERGE", "company": "Inconnu", "contact": "0000000000", "location": "Inconnu"}}, {"model": "customers.customers", "pk": 67, "fields": {"title": "M.", "name": "MR EMANUEL", "company": "Inconnu", "contact": "0000000000", "location": "Inconnu"}}, {"model": "customers.customers", "pk": 68, "fields": {"title": "M.", "name": "MR JOCELYN", "company": "Inconnu", "contact": "0347060035", "location": "Andravoahangy"}}, {"model": "customers.customers", "pk": 69, "fields": {"title": "M.", "name": "MR LIVA2", "company": "Inconnu", "contact": "0346087062", "location": "Betongolo"}}, {"model": "customers.customers", "pk": 70, "fields": {"title": "M.", "name": "MR FÉLIX", "company": "Inconnu", "contact": "0000000000", "location": "Inconnu"}}, {"model": "customers.customers", "pk": 71, "fields": {"title": "M.", "name": "TSITO TRANSPORT", "company": "Inconnu", "contact": "0000000000", "location": "Inconnu"}}, {"model": "customers.customers", "pk": 72, "fields": {"title": "M.", "name": "DÉSIRÉ", "company": "Inconnu", "contact": "0344536008", "location": "Avaradoha"}}, {"model": "entry.be", "pk": 1, "fields": {"date_entry": "2023-09-01", "time_entry": "07:39:00", "status": "E", "customers": 2}}, {"model": "entry.be", "pk": 2, "fields": {"date_entry": "2023-09-01", "time_entry": "13:01:00", "status": "E", "customers": 3}}, {"model": "entry.be", "pk": 3, "fields": {"date_entry": "2023-09-01", "time_entry": "15:50:00", "status": "E", "customers": 7}}, {"model": "entry.be", "pk": 4, "fields": {"date_entry": "2023-09-01", "time_entry": "09:16:00", "status": "E", "customers": 10}}, {"model": "entry.be", "pk": 5, "fields": {"date_entry": "2023-09-02", "time_entry": "09:30:00", "status": "E", "customers": 14}}, {"model": "entry.be", "pk": 6, "fields": {"date_entry": "2023-09-02", "time_entry": "11:05:00", "status": "E", "customers": 7}}, {"model": "entry.be", "pk": 7, "fields": {"date_entry": "2023-09-02", "time_entry": "11:05:00", "status": "E", "customers": 11}}, {"model": "entry.be", "pk": 8, "fields": {"date_entry": "2023-09-02", "time_entry": "11:59:00", "status": "E", "customers": 11}}, {"model": "entry.be", "pk": 9, "fields": {"date_entry": "2023-09-04", "time_entry": "08:03:00", "status": "E", "customers": 10}}, {"model": "entry.be", "pk": 10, "fields": {"date_entry": "2023-09-04", "time_entry": "09:04:00", "status": "E", "customers": 28}}, {"model": "entry.be", "pk": 11, "fields": {"date_entry": "2023-09-04", "time_entry": "08:48:00", "status": "E", "customers": 25}}, {"model": "entry.be", "pk": 12, "fields": {"date_entry": "2023-09-04", "time_entry": "09:39:00", "status": "E", "customers": 11}}, {"model": "entry.be", "pk": 13, "fields": {"date_entry": "2023-09-04", "time_entry": "14:45:00", "status": "E", "customers": 14}}, {"model": "entry.be", "pk": 14, "fields": {"date_entry": "2023-09-05", "time_entry": "09:07:00", "status": "E", "customers": 27}}, {"model": "entry.be", "pk": 15, "fields": {"date_entry": "2023-09-05", "time_entry": "15:41:00", "status": "E", "customers": 11}}, {"model": "entry.be", "pk": 16, "fields": {"date_entry": "2023-09-05", "time_entry": "09:04:00", "status": "E", "customers": 28}}, {"model": "entry.be", "pk": 17, "fields": {"date_entry": "2023-09-07", "time_entry": "09:53:00", "status": "E", "customers": 4}}, {"model": "entry.be", "pk": 18, "fields": {"date_entry": "2023-09-07", "time_entry": "13:45:00", "status": "E", "customers": 11}}, {"model": "entry.be", "pk": 19, "fields": {"date_entry": "2023-09-08", "time_entry": "08:21:00", "status": "E", "customers": 4}}, {"model": "entry.be", "pk": 20, "fields": {"date_entry": "2023-09-08", "time_entry": "13:25:00", "status": "E", "customers": 9}}, {"model": "entry.be", "pk": 21, "fields": {"date_entry": "2023-09-08", "time_entry": "13:33:00", "status": "E", "customers": 10}}, {"model": "entry.be", "pk": 22, "fields": {"date_entry": "2023-09-09", "time_entry": "09:51:00", "status": "E", "customers": 37}}, {"model": "entry.be", "pk": 23, "fields": {"date_entry": "2023-09-09", "time_entry": "08:40:00", "status": "E", "customers": 25}}, {"model": "entry.be", "pk": 24, "fields": {"date_entry": "2023-09-11", "time_entry": "14:26:00", "status": "E", "customers": 1}}, {"model": "entry.be", "pk": 25, "fields": {"date_entry": "2023-09-11", "time_entry": "15:34:00", "status": "E", "customers": 11}}, {"model": "entry.be", "pk": 26, "fields": {"date_entry": "2023-09-12", "time_entry": "05:26:00", "status": "E", "customers": 41}}, {"model": "entry.be", "pk": 27, "fields": {"date_entry": "2023-09-12", "time_entry": "14:37:00", "status": "E", "customers": 9}}, {"model": "entry.be", "pk": 28, "fields": {"date_entry": "2023-09-13", "time_entry": "10:32:00", "status": "E", "customers": 4}}, {"model": "entry.be", "pk": 29, "fields": {"date_entry": "2023-09-13", "time_entry": "11:29:00", "status": "E", "customers": 11}}, {"model": "entry.be", "pk": 30, "fields": {"date_entry": "2023-09-13", "time_entry": "15:23:00", "status": "E", "customers": 17}}, {"model": "entry.be", "pk": 31, "fields": {"date_entry": "2023-09-14", "time_entry": "13:05:00", "status": "E", "customers": 7}}, {"model": "entry.be", "pk": 32, "fields": {"date_entry": "2023-09-15", "time_entry": "07:43:00", "status": "E", "customers": 10}}, {"model": "entry.be", "pk": 33, "fields": {"date_entry": "2023-09-15", "time_entry": "09:00:00", "status": "E", "customers": 11}}, {"model": "entry.be", "pk": 34, "fields": {"date_entry": "2023-09-15", "time_entry": "10:44:00", "status": "E", "customers": 10}}, {"model": "entry.be", "pk": 35, "fields": {"date_entry": "2023-09-15", "time_entry": "15:01:00", "status": "E", "customers": 44}}, {"model": "entry.be", "pk": 36, "fields": {"date_entry": "2023-09-16", "time_entry": "08:52:00", "status": "E", "customers": 47}}, {"model": "entry.be", "pk": 37, "fields": {"date_entry": "2023-09-16", "time_entry": "08:38:00", "status": "E", "customers": 51}}, {"model": "entry.be", "pk": 38, "fields": {"date_entry": "2023-09-16", "time_entry": "10:35:00", "status": "E", "customers": 7}}, {"model": "entry.be", "pk": 39, "fields": {"date_entry": "2023-09-16", "time_entry": "09:59:00", "status": "E", "customers": 11}}, {"model": "entry.be", "pk": 40, "fields": {"date_entry": "2023-09-16", "time_entry": "10:52:00", "status": "E", "customers": 28}}, {"model": "entry.be", "pk": 41, "fields": {"date_entry": "2023-09-18", "time_entry": "08:37:00", "status": "E", "customers": 17}}, {"model": "entry.be", "pk": 42, "fields": {"date_entry": "2023-09-18", "time_entry": "08:49:00", "status": "E", "customers": 32}}, {"model": "entry.be", "pk": 43, "fields": {"date_entry": "2023-09-18", "time_entry": "08:56:00", "status": "E", "customers": 10}}, {"model": "entry.be", "pk": 44, "fields": {"date_entry": "2023-09-18", "time_entry": "14:50:00", "status": "E", "customers": 10}}, {"model": "entry.be", "pk": 45, "fields": {"date_entry": "2023-09-19", "time_entry": "10:50:00", "status": "E", "customers": 11}}, {"model": "entry.be", "pk": 46, "fields": {"date_entry": "2023-09-19", "time_entry": "15:50:00", "status": "E", "customers": 58}}, {"model": "entry.be", "pk": 47, "fields": {"date_entry": "2023-09-20", "time_entry": "11:03:00", "status": "E", "customers": 11}}, {"model": "entry.be", "pk": 48, "fields": {"date_entry": "2023-09-21", "time_entry": "07:56:00", "status": "E", "customers": 10}}, {"model": "entry.be", "pk": 49, "fields": {"date_entry": "2023-09-21", "time_entry": "09:41:00", "status": "E", "customers": 17}}, {"model": "entry.be", "pk": 50, "fields": {"date_entry": "2023-09-21", "time_entry": "09:54:00", "status": "E", "customers": 4}}, {"model": "entry.be", "pk": 51, "fields": {"date_entry": "2023-09-21", "time_entry": "13:10:00", "status": "E", "customers": 11}}, {"model": "entry.be", "pk": 52, "fields": {"date_entry": "2023-09-21", "time_entry": "10:45:00", "status": "E", "customers": 32}}, {"model": "entry.be", "pk": 53, "fields": {"date_entry": "2023-09-21", "time_entry": "13:10:00", "status": "E", "customers": 11}}, {"model": "entry.be", "pk": 54, "fields": {"date_entry": "2023-09-22", "time_entry": "08:52:00", "status": "E", "customers": 14}}, {"model": "entry.be", "pk": 55, "fields": {"date_entry": "2023-09-23", "time_entry": "10:59:00", "status": "E", "customers": 11}}, {"model": "entry.be", "pk": 56, "fields": {"date_entry": "2023-09-25", "time_entry": "11:24:00", "status": "E", "customers": 32}}, {"model": "entry.be", "pk": 57, "fields": {"date_entry": "2023-09-25", "time_entry": "11:38:00", "status": "E", "customers": 28}}, {"model": "entry.be", "pk": 58, "fields": {"date_entry": "2023-09-25", "time_entry": "13:33:00", "status": "E", "customers": 1}}, {"model": "entry.be", "pk": 59, "fields": {"date_entry": "2023-09-26", "time_entry": "09:20:00", "status": "E", "customers": 11}}, {"model": "entry.be", "pk": 60, "fields": {"date_entry": "2023-09-26", "time_entry": "13:57:00", "status": "E", "customers": 4}}, {"model": "entry.be", "pk": 61, "fields": {"date_entry": "2023-09-27", "time_entry": "14:11:00", "status": "E", "customers": 4}}, {"model": "entry.be", "pk": 62, "fields": {"date_entry": "2023-09-28", "time_entry": "09:23:00", "status": "E", "customers": 8}}, {"model": "entry.be", "pk": 63, "fields": {"date_entry": "2023-09-28", "time_entry": "09:36:00", "status": "E", "customers": 11}}, {"model": "entry.be", "pk": 64, "fields": {"date_entry": "2023-09-28", "time_entry": "09:58:00", "status": "E", "customers": 6}}, {"model": "entry.be", "pk": 65, "fields": {"date_entry": "2023-09-28", "time_entry": "11:03:00", "status": "E", "customers": 11}}, {"model": "entry.be", "pk": 66, "fields": {"date_entry": "2023-09-28", "time_entry": "11:15:00", "status": "E", "customers": 7}}, {"model": "entry.be", "pk": 67, "fields": {"date_entry": "2023-09-28", "time_entry": "13:25:00", "status": "E", "customers": 4}}, {"model": "entry.be", "pk": 68, "fields": {"date_entry": "2023-09-28", "time_entry": "14:39:00", "status": "E", "customers": 10}}, {"model": "entry.be", "pk": 69, "fields": {"date_entry": "2023-09-29", "time_entry": "06:35:00", "status": "E", "customers": 2}}, {"model": "entry.be", "pk": 70, "fields": {"date_entry": "2023-09-29", "time_entry": "09:51:00", "status": "E", "customers": 11}}, {"model": "entry.be", "pk": 71, "fields": {"date_entry": "2023-09-29", "time_entry": "10:20:00", "status": "E", "customers": 28}}, {"model": "entry.be", "pk": 72, "fields": {"date_entry": "2023-09-29", "time_entry": "14:54:00", "status": "E", "customers": 11}}, {"model": "entry.be", "pk": 73, "fields": {"date_entry": "2023-09-30", "time_entry": "10:00:00", "status": "E", "customers": 64}}, {"model": "entry.be", "pk": 74, "fields": {"date_entry": "2023-10-02", "time_entry": "15:45:00", "status": "E", "customers": 17}}, {"model": "entry.be", "pk": 75, "fields": {"date_entry": "2023-10-03", "time_entry": "10:31:00", "status": "E", "customers": 4}}, {"model": "entry.be", "pk": 76, "fields": {"date_entry": "2023-10-03", "time_entry": "10:33:00", "status": "E", "customers": 17}}, {"model": "entry.be", "pk": 77, "fields": {"date_entry": "2023-10-03", "time_entry": "15:01:00", "status": "E", "customers": 68}}, {"model": "entry.be", "pk": 78, "fields": {"date_entry": "2023-10-04", "time_entry": "11:04:00", "status": "E", "customers": 11}}, {"model": "entry.be", "pk": 79, "fields": {"date_entry": "2023-10-06", "time_entry": "08:26:00", "status": "E", "customers": 8}}, {"model": "entry.be", "pk": 80, "fields": {"date_entry": "2023-10-06", "time_entry": "10:05:00", "status": "E", "customers": 28}}, {"model": "entry.be", "pk": 81, "fields": {"date_entry": "2023-10-06", "time_entry": "11:41:00", "status": "E", "customers": 28}}, {"model": "entry.be", "pk": 82, "fields": {"date_entry": "2023-10-06", "time_entry": "14:55:00", "status": "E", "customers": 10}}, {"model": "entry.be", "pk": 83, "fields": {"date_entry": "2023-10-07", "time_entry": "08:15:00", "status": "E", "customers": 69}}, {"model": "entry.be", "pk": 84, "fields": {"date_entry": "2023-10-09", "time_entry": "10:05:00", "status": "E", "customers": 57}}, {"model": "entry.be", "pk": 85, "fields": {"date_entry": "2023-10-09", "time_entry": "11:53:00", "status": "E", "customers": 1}}, {"model": "entry.be", "pk": 86, "fields": {"date_entry": "2023-10-07", "time_entry": "11:33:00", "status": "E", "customers": 28}}, {"model": "entry.be", "pk": 87, "fields": {"date_entry": "2023-10-11", "time_entry": "14:32:00", "status": "E", "customers": 4}}, {"model": "entry.be", "pk": 88, "fields": {"date_entry": "2023-10-11", "time_entry": "09:43:00", "status": "E", "customers": 28}}, {"model": "entry.be", "pk": 89, "fields": {"date_entry": "2023-10-12", "time_entry": "09:11:00", "status": "E", "customers": 11}}, {"model": "entry.be", "pk": 90, "fields": {"date_entry": "2023-10-12", "time_entry": "16:16:00", "status": "E", "customers": 70}}, {"model": "entry.be", "pk": 91, "fields": {"date_entry": "2023-10-13", "time_entry": "09:07:00", "status": "E", "customers": 14}}, {"model": "entry.be", "pk": 92, "fields": {"date_entry": "2023-10-14", "time_entry": "09:45:00", "status": "E", "customers": 6}}, {"model": "entry.be", "pk": 93, "fields": {"date_entry": "2023-10-14", "time_entry": "09:54:00", "status": "E", "customers": 10}}, {"model": "entry.be", "pk": 94, "fields": {"date_entry": "2023-10-14", "time_entry": "09:56:00", "status": "E", "customers": 6}}, {"model": "entry.be", "pk": 95, "fields": {"date_entry": "2023-10-14", "time_entry": "10:05:00", "status": "E", "customers": 68}}, {"model": "entry.be", "pk": 96, "fields": {"date_entry": "2023-10-14", "time_entry": "10:14:00", "status": "E", "customers": 11}}, {"model": "entry.be", "pk": 97, "fields": {"date_entry": "2023-10-17", "time_entry": "11:10:00", "status": "E", "customers": 10}}, {"model": "entry.be", "pk": 98, "fields": {"date_entry": "2023-10-17", "time_entry": "12:01:00", "status": "E", "customers": 11}}, {"model": "entry.be", "pk": 99, "fields": {"date_entry": "2023-10-17", "time_entry": "13:30:00", "status": "E", "customers": 6}}, {"model": "entry.be", "pk": 100, "fields": {"date_entry": "2023-10-17", "time_entry": "14:56:00", "status": "E", "customers": 23}}, {"model": "entry.be", "pk": 101, "fields": {"date_entry": "2023-10-18", "time_entry": "09:00:00", "status": "E", "customers": 4}}, {"model": "entry.be", "pk": 102, "fields": {"date_entry": "2023-09-25", "time_entry": "13:33:00", "status": "E", "customers": 1}}, {"model": "entry.be", "pk": 103, "fields": {"date_entry": "2023-10-04", "time_entry": "10:05:00", "status": "E", "customers": 28}}, {"model": "entry.be", "pk": 104, "fields": {"date_entry": "2023-10-04", "time_entry": "10:05:00", "status": "E", "customers": 28}}, {"model": "entry.be", "pk": 105, "fields": {"date_entry": "2023-10-17", "time_entry": "11:11:00", "status": "E", "customers": 10}}, {"model": "entry.be", "pk": 106, "fields": {"date_entry": "2023-10-17", "time_entry": "11:42:00", "status": "E", "customers": 11}}, {"model": "entry.be", "pk": 107, "fields": {"date_entry": "2023-10-17", "time_entry": "13:30:00", "status": "E", "customers": 6}}, {"model": "entry.be", "pk": 108, "fields": {"date_entry": "2023-10-18", "time_entry": "15:55:00", "status": "E", "customers": 12}}, {"model": "entry.be", "pk": 109, "fields": {"date_entry": "2023-10-19", "time_entry": "09:17:00", "status": "E", "customers": 69}}, {"model": "entry.be", "pk": 110, "fields": {"date_entry": "2023-10-19", "time_entry": "09:27:00", "status": "E", "customers": 71}}, {"model": "entry.be", "pk": 111, "fields": {"date_entry": "2023-10-18", "time_entry": "09:00:00", "status": "E", "customers": 4}}, {"model": "entry.be", "pk": 112, "fields": {"date_entry": "2023-10-19", "time_entry": "09:30:00", "status": "E", "customers": 72}}, {"model": "entry.be", "pk": 113, "fields": {"date_entry": "2023-10-19", "time_entry": "09:33:00", "status": "E", "customers": 69}}, {"model": "entry.be_line", "pk": 1, "fields": {"qty": 1, "type": "TPN", "length": 560, "width": 1000, "thickness": "10/10", "owner": "Client", "be": 1, "sm_eqv": "0.280000"}}, {"model": "entry.be_line", "pk": 2, "fields": {"qty": 1, "type": "TPN", "length": 570, "width": 1000, "thickness": "12/10", "owner": "Client", "be": 1, "sm_eqv": "0.285000"}}, {"model": "entry.be_line", "pk": 3, "fields": {"qty": 1, "type": "TPN", "length": 2000, "width": 1000, "thickness": "8/10", "owner": "Client", "be": 2, "sm_eqv": "1.000000"}}, {"model": "entry.be_line", "pk": 4, "fields": {"qty": 1, "type": "TPN", "length": 2000, "width": 1000, "thickness": "8/10", "owner": "Client", "be": 3, "sm_eqv": "1.000000"}}, {"model": "entry.be_line", "pk": 5, "fields": {"qty": 2, "type": "TPN", "length": 2000, "width": 1000, "thickness": "10/10", "owner": "Client", "be": 5, "sm_eqv": "2.000000"}}, {"model": "entry.be_line", "pk": 6, "fields": {"qty": 1, "type": "TPN", "length": 2000, "width": 1000, "thickness": "10/10", "owner": "Client", "be": 6, "sm_eqv": "1.000000"}}, {"model": "entry.be_line", "pk": 7, "fields": {"qty": 1, "type": "TPN", "length": 2000, "width": 1000, "thickness": "9/10", "owner": "Client", "be": 6, "sm_eqv": "1.000000"}}, {"model": "entry.be_line", "pk": 8, "fields": {"qty": 1, "type": "TPN", "length": 2000, "width": 1000, "thickness": "8/10", "owner": "Client", "be": 6, "sm_eqv": "1.000000"}}, {"model": "entry.be_line", "pk": 9, "fields": {"qty": 1, "type": "TPN", "length": 2000, "width": 1000, "thickness": "8/10", "owner": "Client", "be": 7, "sm_eqv": "1.000000"}}, {"model": "entry.be_line", "pk": 10, "fields": {"qty": 1, "type": "TPN", "length": 2000, "width": 1000, "thickness": "7/10", "owner": "Client", "be": 7, "sm_eqv": "1.000000"}}, {"model": "entry.be_line", "pk": 11, "fields": {"qty": 1, "type": "TPN", "length": 2000, "width": 1000, "thickness": "8/10", "owner": "Client", "be": 8, "sm_eqv": "1.000000"}}, {"model": "entry.be_line", "pk": 12, "fields": {"qty": 2, "type": "TPN", "length": 2000, "width": 1000, "thickness": "7/10", "owner": "Client", "be": 9, "sm_eqv": "2.000000"}}, {"model": "entry.be_line", "pk": 13, "fields": {"qty": 1, "type": "TPN", "length": 2000, "width": 1000, "thickness": "8/10", "owner": "Client", "be": 10, "sm_eqv": "1.000000"}}, {"model": "entry.be_line", "pk": 14, "fields": {"qty": 2, "type": "TPN", "length": 2000, "width": 1000, "thickness": "8/10", "owner": "Client", "be": 11, "sm_eqv": "2.000000"}}, {"model": "entry.be_line", "pk": 15, "fields": {"qty": 2, "type": "TPN", "length": 2000, "width": 1000, "thickness": "8/10", "owner": "Client", "be": 12, "sm_eqv": "2.000000"}}, {"model": "entry.be_line", "pk": 16, "fields": {"qty": 1, "type": "TPN", "length": 2000, "width": 1000, "thickness": "10/10", "owner": "Client", "be": 13, "sm_eqv": "1.000000"}}, {"model": "entry.be_line", "pk": 17, "fields": {"qty": 2, "type": "TPN", "length": 207, "width": 1170, "thickness": "10/10", "owner": "Client", "be": 13, "sm_eqv": "0.242190"}}, {"model": "entry.be_line", "pk": 18, "fields": {"qty": 5, "type": "TPN", "length": 2000, "width": 1000, "thickness": "8/10", "owner": "Client", "be": 14, "sm_eqv": "5.000000"}}, {"model": "entry.be_line", "pk": 19, "fields": {"qty": 1, "type": "TPN", "length": 2000, "width": 1000, "thickness": "8/10", "owner": "Client", "be": 15, "sm_eqv": "1.000000"}}, {"model": "entry.be_line", "pk": 20, "fields": {"qty": 1, "type": "TPN", "length": 2000, "width": 1000, "thickness": "8/10", "owner": "Client", "be": 16, "sm_eqv": "1.000000"}}, {"model": "entry.be_line", "pk": 21, "fields": {"qty": 7, "type": "TPG", "length": 400, "width": 2000, "thickness": "50/100", "owner": "Client", "be": 17, "sm_eqv": "2.800000"}}, {"model": "entry.be_line", "pk": 22, "fields": {"qty": 1, "type": "TPN", "length": 2000, "width": 1000, "thickness": "8/10", "owner": "Client", "be": 18, "sm_eqv": "1.000000"}}, {"model": "entry.be_line", "pk": 23, "fields": {"qty": 4, "type": "TPG", "length": 335, "width": 2000, "thickness": "50/100", "owner": "Client", "be": 19, "sm_eqv": "1.340000"}}, {"model": "entry.be_line", "pk": 24, "fields": {"qty": 1, "type": "TPN", "length": 635, "width": 770, "thickness": "8/10", "owner": "Client", "be": 20, "sm_eqv": "0.244475"}}, {"model": "entry.be_line", "pk": 25, "fields": {"qty": 1, "type": "TPN", "length": 2000, "width": 1000, "thickness": "8/10", "owner": "Client", "be": 21, "sm_eqv": "1.000000"}}, {"model": "entry.be_line", "pk": 26, "fields": {"qty": 1, "type": "TPN", "length": 900, "width": 1000, "thickness": "10/10", "owner": "Client", "be": 22, "sm_eqv": "0.450000"}}, {"model": "entry.be_line", "pk": 27, "fields": {"qty": 1, "type": "TPN", "length": 900, "width": 2000, "thickness": "10/10", "owner": "Client", "be": 22, "sm_eqv": "0.900000"}}, {"model": "entry.be_line", "pk": 28, "fields": {"qty": 1, "type": "TPN", "length": 2000, "width": 1000, "thickness": "10/10", "owner": "Client", "be": 23, "sm_eqv": "1.000000"}}, {"model": "entry.be_line", "pk": 29, "fields": {"qty": 1, "type": "TPG", "length": 2000, "width": 1000, "thickness": "12/10", "owner": "Client", "be": 24, "sm_eqv": "1.000000"}}, {"model": "entry.be_line", "pk": 30, "fields": {"qty": 1, "type": "TPG", "length": 780, "width": 780, "thickness": "15/10", "owner": "Client", "be": 24, "sm_eqv": "0.304200"}}, {"model": "entry.be_line", "pk": 31, "fields": {"qty": 1, "type": "TPN", "length": 2000, "width": 1000, "thickness": "8/10", "owner": "Client", "be": 25, "sm_eqv": "1.000000"}}, {"model": "entry.be_line", "pk": 32, "fields": {"qty": 6, "type": "TPN", "length": 2000, "width": 1000, "thickness": "12/10", "owner": "Client", "be": 26, "sm_eqv": "6.000000"}}, {"model": "entry.be_line", "pk": 33, "fields": {"qty": 1, "type": "TPN", "length": 1000, "width": 1230, "thickness": "8/10", "owner": "Client", "be": 27, "sm_eqv": "0.615000"}}, {"model": "entry.be_line", "pk": 34, "fields": {"qty": 3, "type": "TPG", "length": 2000, "width": 1000, "thickness": "40/100", "owner": "Client", "be": 28, "sm_eqv": "3.000000"}}, {"model": "entry.be_line", "pk": 35, "fields": {"qty": 1, "type": "TPN", "length": 2000, "width": 1000, "thickness": "8/10", "owner": "Client", "be": 29, "sm_eqv": "1.000000"}}, {"model": "entry.be_line", "pk": 36, "fields": {"qty": 4, "type": "TPN", "length": 2000, "width": 1000, "thickness": "10/10", "owner": "Client", "be": 30, "sm_eqv": "4.000000"}}, {"model": "entry.be_line", "pk": 37, "fields": {"qty": 7, "type": "TPN", "length": 2000, "width": 1000, "thickness": "11/10", "owner": "Client", "be": 31, "sm_eqv": "7.000000"}}, {"model": "entry.be_line", "pk": 38, "fields": {"qty": 2, "type": "TPN", "length": 2000, "width": 1000, "thickness": "7/10", "owner": "Client", "be": 31, "sm_eqv": "2.000000"}}, {"model": "entry.be_line", "pk": 39, "fields": {"qty": 1, "type": "TPN", "length": 2000, "width": 1000, "thickness": "8/10", "owner": "Client", "be": 32, "sm_eqv": "1.000000"}}, {"model": "entry.be_line", "pk": 40, "fields": {"qty": 1, "type": "TPN", "length": 2000, "width": 1000, "thickness": "7/10", "owner": "Client", "be": 33, "sm_eqv": "1.000000"}}, {"model": "entry.be_line", "pk": 41, "fields": {"qty": 1, "type": "TPN", "length": 2000, "width": 1000, "thickness": "8/10", "owner": "Client", "be": 34, "sm_eqv": "1.000000"}}, {"model": "entry.be_line", "pk": 42, "fields": {"qty": 1, "type": "TPN", "length": 2000, "width": 1000, "thickness": "7/10", "owner": "Client", "be": 34, "sm_eqv": "1.000000"}}, {"model": "entry.be_line", "pk": 43, "fields": {"qty": 1, "type": "TPN", "length": 2000, "width": 1000, "thickness": "12/10", "owner": "Client", "be": 35, "sm_eqv": "1.000000"}}, {"model": "entry.be_line", "pk": 44, "fields": {"qty": 1, "type": "TPN", "length": 200, "width": 2000, "thickness": "10/10", "owner": "Client", "be": 36, "sm_eqv": "0.200000"}}, {"model": "entry.be_line", "pk": 45, "fields": {"qty": 1, "type": "TPN", "length": 2000, "width": 1000, "thickness": "10/10", "owner": "Client", "be": 37, "sm_eqv": "1.000000"}}, {"model": "entry.be_line", "pk": 46, "fields": {"qty": 4, "type": "TPN", "length": 2000, "width": 1000, "thickness": "7/10", "owner": "Client", "be": 37, "sm_eqv": "4.000000"}}, {"model": "entry.be_line", "pk": 47, "fields": {"qty": 1, "type": "TPN", "length": 695, "width": 1000, "thickness": "10/10", "owner": "Client", "be": 37, "sm_eqv": "0.347500"}}, {"model": "entry.be_line", "pk": 48, "fields": {"qty": 1, "type": "TPN", "length": 2000, "width": 1000, "thickness": "8/10", "owner": "Client", "be": 38, "sm_eqv": "1.000000"}}, {"model": "entry.be_line", "pk": 49, "fields": {"qty": 1, "type": "TPN", "length": 2000, "width": 1000, "thickness": "8/10", "owner": "Client", "be": 39, "sm_eqv": "1.000000"}}, {"model": "entry.be_line", "pk": 50, "fields": {"qty": 1, "type": "TPN", "length": 2000, "width": 1000, "thickness": "8/10", "owner": "Client", "be": 40, "sm_eqv": "1.000000"}}, {"model": "entry.be_line", "pk": 51, "fields": {"qty": 1, "type": "TPN", "length": 2000, "width": 1000, "thickness": "7/10", "owner": "Client", "be": 41, "sm_eqv": "1.000000"}}, {"model": "entry.be_line", "pk": 52, "fields": {"qty": 2, "type": "TPN", "length": 2000, "width": 1000, "thickness": "7/10", "owner": "Client", "be": 42, "sm_eqv": "2.000000"}}, {"model": "entry.be_line", "pk": 53, "fields": {"qty": 1, "type": "TPN", "length": 2000, "width": 1000, "thickness": "8/10", "owner": "Client", "be": 43, "sm_eqv": "1.000000"}}, {"model": "entry.be_line", "pk": 54, "fields": {"qty": 1, "type": "TPN", "length": 2000, "width": 1000, "thickness": "7/10", "owner": "Client", "be": 44, "sm_eqv": "1.000000"}}, {"model": "entry.be_line", "pk": 55, "fields": {"qty": 1, "type": "TPN", "length": 2000, "width": 1000, "thickness": "8/10", "owner": "Client", "be": 45, "sm_eqv": "1.000000"}}, {"model": "entry.be_line", "pk": 56, "fields": {"qty": 1, "type": "TPN", "length": 30, "width": 1200, "thickness": "8/10", "owner": "Client", "be": 46, "sm_eqv": "0.018000"}}, {"model": "entry.be_line", "pk": 57, "fields": {"qty": 1, "type": "TPN", "length": 2000, "width": 1000, "thickness": "7/10", "owner": "Client", "be": 47, "sm_eqv": "1.000000"}}, {"model": "entry.be_line", "pk": 58, "fields": {"qty": 1, "type": "TPN", "length": 2000, "width": 1000, "thickness": "7/10", "owner": "Client", "be": 48, "sm_eqv": "1.000000"}}, {"model": "entry.be_line", "pk": 59, "fields": {"qty": 2, "type": "TPN", "length": 2000, "width": 1000, "thickness": "9/10", "owner": "Plitech", "be": 49, "sm_eqv": "2.000000"}}, {"model": "entry.be_line", "pk": 60, "fields": {"qty": 2, "type": "TPG", "length": 330, "width": 2000, "thickness": "40/100", "owner": "Client", "be": 50, "sm_eqv": "0.660000"}}, {"model": "entry.be_line", "pk": 61, "fields": {"qty": 1, "type": "TPG", "length": 330, "width": 1700, "thickness": "40/100", "owner": "Client", "be": 50, "sm_eqv": "0.280500"}}, {"model": "entry.be_line", "pk": 62, "fields": {"qty": 1, "type": "TPN", "length": 2000, "width": 1000, "thickness": "7/10", "owner": "Client", "be": 51, "sm_eqv": "1.000000"}}, {"model": "entry.be_line", "pk": 63, "fields": {"qty": 2, "type": "TPN", "length": 2000, "width": 1000, "thickness": "7/10", "owner": "Client", "be": 52, "sm_eqv": "2.000000"}}, {"model": "entry.be_line", "pk": 64, "fields": {"qty": 1, "type": "TPN", "length": 2000, "width": 1000, "thickness": "7/10", "owner": "Client", "be": 53, "sm_eqv": "1.000000"}}, {"model": "entry.be_line", "pk": 65, "fields": {"qty": 1, "type": "TPN", "length": 2000, "width": 1000, "thickness": "8/10", "owner": "Client", "be": 54, "sm_eqv": "1.000000"}}, {"model": "entry.be_line", "pk": 66, "fields": {"qty": 3, "type": "TPN", "length": 2000, "width": 1000, "thickness": "7/10", "owner": "Client", "be": 55, "sm_eqv": "3.000000"}}, {"model": "entry.be_line", "pk": 67, "fields": {"qty": 2, "type": "TPN", "length": 2000, "width": 1000, "thickness": "7/10", "owner": "Client", "be": 56, "sm_eqv": "2.000000"}}, {"model": "entry.be_line", "pk": 68, "fields": {"qty": 1, "type": "TPN", "length": 2000, "width": 1000, "thickness": "8/10", "owner": "Client", "be": 57, "sm_eqv": "1.000000"}}, {"model": "entry.be_line", "pk": 69, "fields": {"qty": 1, "type": "TPG", "length": 2000, "width": 1000, "thickness": "12/10", "owner": "Client", "be": 58, "sm_eqv": "1.000000"}}, {"model": "entry.be_line", "pk": 70, "fields": {"qty": 1, "type": "TPG", "length": 2000, "width": 1000, "thickness": "12/10", "owner": "Client", "be": 58, "sm_eqv": "1.000000"}}, {"model": "entry.be_line", "pk": 71, "fields": {"qty": 2, "type": "TPN", "length": 448, "width": 998, "thickness": "12/10", "owner": "Client", "be": 58, "sm_eqv": "0.447104"}}, {"model": "entry.be_line", "pk": 72, "fields": {"qty": 1, "type": "TPN", "length": 2000, "width": 1000, "thickness": "8/10", "owner": "Client", "be": 59, "sm_eqv": "1.000000"}}, {"model": "entry.be_line", "pk": 73, "fields": {"qty": 1, "type": "TPG", "length": 2000, "width": 1000, "thickness": "8/10", "owner": "Client", "be": 60, "sm_eqv": "1.000000"}}, {"model": "entry.be_line", "pk": 74, "fields": {"qty": 2, "type": "TPG", "length": 600, "width": 885, "thickness": "8/10", "owner": "Client", "be": 61, "sm_eqv": "0.531000"}}, {"model": "entry.be_line", "pk": 75, "fields": {"qty": 1, "type": "TPN", "length": 2000, "width": 1000, "thickness": "12/10", "owner": "Client", "be": 62, "sm_eqv": "1.000000"}}, {"model": "entry.be_line", "pk": 76, "fields": {"qty": 1, "type": "TPN", "length": 2000, "width": 1000, "thickness": "7/10", "owner": "Client", "be": 63, "sm_eqv": "1.000000"}}, {"model": "entry.be_line", "pk": 77, "fields": {"qty": 1, "type": "TPN", "length": 2000, "width": 1000, "thickness": "11/10", "owner": "Client", "be": 64, "sm_eqv": "1.000000"}}, {"model": "entry.be_line", "pk": 78, "fields": {"qty": 1, "type": "TPN", "length": 2000, "width": 1000, "thickness": "7/10", "owner": "Client", "be": 65, "sm_eqv": "1.000000"}}, {"model": "entry.be_line", "pk": 79, "fields": {"qty": 8, "type": "TPN", "length": 2000, "width": 1000, "thickness": "11/10", "owner": "Client", "be": 66, "sm_eqv": "8.000000"}}, {"model": "entry.be_line", "pk": 80, "fields": {"qty": 2, "type": "TPG", "length": 700, "width": 2000, "thickness": "50/100", "owner": "Client", "be": 67, "sm_eqv": "1.400000"}}, {"model": "entry.be_line", "pk": 81, "fields": {"qty": 1, "type": "TPN", "length": 2000, "width": 1000, "thickness": "10/10", "owner": "Client", "be": 68, "sm_eqv": "1.000000"}}, {"model": "entry.be_line", "pk": 82, "fields": {"qty": 1, "type": "TPN", "length": 2000, "width": 1000, "thickness": "10/10", "owner": "Plitech", "be": 69, "sm_eqv": "1.000000"}}, {"model": "entry.be_line", "pk": 83, "fields": {"qty": 1, "type": "TPN", "length": 2000, "width": 1000, "thickness": "7/10", "owner": "Client", "be": 70, "sm_eqv": "1.000000"}}, {"model": "entry.be_line", "pk": 84, "fields": {"qty": 1, "type": "TPN", "length": 2000, "width": 1000, "thickness": "7/10", "owner": "Client", "be": 71, "sm_eqv": "1.000000"}}, {"model": "entry.be_line", "pk": 85, "fields": {"qty": 1, "type": "TPN", "length": 2000, "width": 1000, "thickness": "7/10", "owner": "Client", "be": 72, "sm_eqv": "1.000000"}}, {"model": "entry.be_line", "pk": 86, "fields": {"qty": 1, "type": "TPN", "length": 2000, "width": 1000, "thickness": "7/10", "owner": "Client", "be": 73, "sm_eqv": "1.000000"}}, {"model": "entry.be_line", "pk": 87, "fields": {"qty": 2, "type": "TPN", "length": 2000, "width": 1000, "thickness": "10/10", "owner": "Client", "be": 74, "sm_eqv": "2.000000"}}, {"model": "entry.be_line", "pk": 88, "fields": {"qty": 13, "type": "TPG", "length": 445, "width": 2000, "thickness": "40/100", "owner": "Client", "be": 75, "sm_eqv": "5.785000"}}, {"model": "entry.be_line", "pk": 89, "fields": {"qty": 2, "type": "TPN", "length": 121, "width": 2000, "thickness": "12/10", "owner": "Client", "be": 76, "sm_eqv": "0.242000"}}, {"model": "entry.be_line", "pk": 90, "fields": {"qty": 4, "type": "TPN", "length": 2000, "width": 1000, "thickness": "2 mm", "owner": "Client", "be": 77, "sm_eqv": "4.000000"}}, {"model": "entry.be_line", "pk": 91, "fields": {"qty": 1, "type": "TPN", "length": 2000, "width": 1000, "thickness": "7/10", "owner": "Client", "be": 78, "sm_eqv": "1.000000"}}, {"model": "entry.be_line", "pk": 92, "fields": {"qty": 2, "type": "TPN", "length": 2000, "width": 1000, "thickness": "10/10", "owner": "Client", "be": 79, "sm_eqv": "2.000000"}}, {"model": "entry.be_line", "pk": 93, "fields": {"qty": 1, "type": "TPN", "length": 2000, "width": 1000, "thickness": "7/10", "owner": "Client", "be": 80, "sm_eqv": "1.000000"}}, {"model": "entry.be_line", "pk": 94, "fields": {"qty": 1, "type": "TPN", "length": 2000, "width": 1000, "thickness": "9/10", "owner": "Client", "be": 81, "sm_eqv": "1.000000"}}, {"model": "entry.be_line", "pk": 95, "fields": {"qty": 1, "type": "TPN", "length": 2000, "width": 1000, "thickness": "8/10", "owner": "Client", "be": 81, "sm_eqv": "1.000000"}}, {"model": "entry.be_line", "pk": 96, "fields": {"qty": 2, "type": "TPN", "length": 2000, "width": 1000, "thickness": "8/10", "owner": "Client", "be": 82, "sm_eqv": "2.000000"}}, {"model": "entry.be_line", "pk": 97, "fields": {"qty": 5, "type": "TPN", "length": 600, "width": 1805, "thickness": "10/10", "owner": "Client", "be": 83, "sm_eqv": "2.707500"}}, {"model": "entry.be_line", "pk": 98, "fields": {"qty": 8, "type": "TPN", "length": 600, "width": 770, "thickness": "10/10", "owner": "Client", "be": 83, "sm_eqv": "1.848000"}}, {"model": "entry.be_line", "pk": 99, "fields": {"qty": 4, "type": "TPN", "length": 2000, "width": 1000, "thickness": "7/10", "owner": "Client", "be": 84, "sm_eqv": "4.000000"}}, {"model": "entry.be_line", "pk": 100, "fields": {"qty": 1, "type": "TPG", "length": 2000, "width": 1000, "thickness": "12/10", "owner": "Client", "be": 85, "sm_eqv": "1.000000"}}, {"model": "entry.be_line", "pk": 101, "fields": {"qty": 1, "type": "TPG", "length": 163, "width": 2000, "thickness": "10/10", "owner": "Client", "be": 85, "sm_eqv": "0.163000"}}, {"model": "entry.be_line", "pk": 102, "fields": {"qty": 1, "type": "TPG", "length": 164, "width": 2000, "thickness": "10/10", "owner": "Client", "be": 85, "sm_eqv": "0.164000"}}, {"model": "entry.be_line", "pk": 103, "fields": {"qty": 1, "type": "TPN", "length": 2000, "width": 1000, "thickness": "12/10", "owner": "Tojo", "be": 86, "sm_eqv": "1.000000"}}, {"model": "entry.be_line", "pk": 104, "fields": {"qty": 3, "type": "TPG", "length": 450, "width": 2000, "thickness": "40/100", "owner": "Client", "be": 87, "sm_eqv": "1.350000"}}, {"model": "entry.be_line", "pk": 105, "fields": {"qty": 1, "type": "TPN", "length": 200, "width": 2000, "thickness": "12/10", "owner": "Client", "be": 88, "sm_eqv": "0.200000"}}, {"model": "entry.be_line", "pk": 106, "fields": {"qty": 1, "type": "TPN", "length": 97, "width": 2000, "thickness": "7/10", "owner": "Client", "be": 88, "sm_eqv": "0.097000"}}, {"model": "entry.be_line", "pk": 107, "fields": {"qty": 1, "type": "TPN", "length": 93, "width": 2000, "thickness": "7/10", "owner": "Client", "be": 88, "sm_eqv": "0.093000"}}, {"model": "entry.be_line", "pk": 108, "fields": {"qty": 1, "type": "TPN", "length": 800, "width": 1090, "thickness": "8/10", "owner": "Client", "be": 88, "sm_eqv": "0.436000"}}, {"model": "entry.be_line", "pk": 109, "fields": {"qty": 1, "type": "TPN", "length": 2000, "width": 1000, "thickness": "7/10", "owner": "Client", "be": 88, "sm_eqv": "1.000000"}}, {"model": "entry.be_line", "pk": 110, "fields": {"qty": 1, "type": "TPN", "length": 2000, "width": 1000, "thickness": "7/10", "owner": "Client", "be": 89, "sm_eqv": "1.000000"}}, {"model": "entry.be_line", "pk": 111, "fields": {"qty": 1, "type": "TPN", "length": 2000, "width": 1000, "thickness": "10/10", "owner": "Client", "be": 90, "sm_eqv": "1.000000"}}, {"model": "entry.be_line", "pk": 112, "fields": {"qty": 1, "type": "TPN", "length": 2000, "width": 1000, "thickness": "10/10", "owner": "Client", "be": 91, "sm_eqv": "1.000000"}}, {"model": "entry.be_line", "pk": 113, "fields": {"qty": 1, "type": "TPN", "length": 2000, "width": 1000, "thickness": "12/10", "owner": "Client", "be": 100, "sm_eqv": "1.000000"}}, {"model": "entry.be_line", "pk": 114, "fields": {"qty": 2, "type": "TPG", "length": 2430, "width": 300, "thickness": "40/100", "owner": "Client", "be": 99, "sm_eqv": "0.729000"}}, {"model": "entry.be_line", "pk": 115, "fields": {"qty": 2, "type": "TPG", "length": 1128, "width": 300, "thickness": "40/100", "owner": "Client", "be": 99, "sm_eqv": "0.338400"}}, {"model": "entry.be_line", "pk": 116, "fields": {"qty": 1, "type": "TPN", "length": 2000, "width": 1000, "thickness": "8/10", "owner": "Client", "be": 98, "sm_eqv": "1.000000"}}, {"model": "entry.be_line", "pk": 117, "fields": {"qty": 1, "type": "TPN", "length": 2000, "width": 1000, "thickness": "8/10", "owner": "Client", "be": 97, "sm_eqv": "1.000000"}}, {"model": "entry.be_line", "pk": 118, "fields": {"qty": 2, "type": "TPN", "length": 2000, "width": 1000, "thickness": "8/10", "owner": "Client", "be": 96, "sm_eqv": "2.000000"}}, {"model": "entry.be_line", "pk": 119, "fields": {"qty": 3, "type": "TPN", "length": 2000, "width": 1000, "thickness": "2 mm", "owner": "Client", "be": 95, "sm_eqv": "3.000000"}}, {"model": "entry.be_line", "pk": 120, "fields": {"qty": 1, "type": "TPN", "length": 2000, "width": 326, "thickness": "10/10", "owner": "Client", "be": 94, "sm_eqv": "0.326000"}}, {"model": "entry.be_line", "pk": 121, "fields": {"qty": 1, "type": "TPN", "length": 1593, "width": 1000, "thickness": "8/10", "owner": "Client", "be": 93, "sm_eqv": "0.796500"}}, {"model": "entry.be_line", "pk": 122, "fields": {"qty": 1, "type": "TPN", "length": 2000, "width": 1000, "thickness": "12/10", "owner": "Client", "be": 92, "sm_eqv": "1.000000"}}, {"model": "entry.be_line", "pk": 123, "fields": {"qty": 2, "type": "TPN", "length": 2000, "width": 300, "thickness": "40/100", "owner": "Client", "be": 101, "sm_eqv": "0.600000"}}, {"model": "entry.be_line", "pk": 124, "fields": {"qty": 1, "type": "TPN", "length": 2000, "width": 1000, "thickness": "7/10", "owner": "Client", "be": 103, "sm_eqv": "1.000000"}}, {"model": "entry.be_line", "pk": 125, "fields": {"qty": 1, "type": "TPN", "length": 2000, "width": 1000, "thickness": "10/10", "owner": "Client", "be": 103, "sm_eqv": "1.000000"}}, {"model": "entry.be_line", "pk": 126, "fields": {"qty": 1, "type": "TPN", "length": 2000, "width": 1000, "thickness": "7/10", "owner": "Client", "be": 104, "sm_eqv": "1.000000"}}, {"model": "entry.be_line", "pk": 127, "fields": {"qty": 1, "type": "TPN", "length": 2000, "width": 1000, "thickness": "10/10", "owner": "Client", "be": 104, "sm_eqv": "1.000000"}}, {"model": "entry.be_line", "pk": 128, "fields": {"qty": 1, "type": "TPN", "length": 2000, "width": 1000, "thickness": "7/10", "owner": "Client", "be": 105, "sm_eqv": "1.000000"}}, {"model": "entry.be_line", "pk": 129, "fields": {"qty": 1, "type": "TPN", "length": 2000, "width": 1000, "thickness": "7/10", "owner": "Client", "be": 106, "sm_eqv": "1.000000"}}, {"model": "entry.be_line", "pk": 130, "fields": {"qty": 2, "type": "TPG", "length": 300, "width": 2430, "thickness": "40/100", "owner": "Client", "be": 107, "sm_eqv": "0.729000"}}, {"model": "entry.be_line", "pk": 131, "fields": {"qty": 1, "type": "TPN", "length": 2000, "width": 1000, "thickness": "8/10", "owner": "Client", "be": 107, "sm_eqv": "1.000000"}}, {"model": "entry.be_line", "pk": 132, "fields": {"qty": 1, "type": "TPN", "length": 2000, "width": 1000, "thickness": "9/10", "owner": "Client", "be": 108, "sm_eqv": "1.000000"}}, {"model": "entry.be_line", "pk": 133, "fields": {"qty": 1, "type": "TPN", "length": 2000, "width": 500, "thickness": "15/10", "owner": "Client", "be": 109, "sm_eqv": "0.500000"}}, {"model": "entry.be_line", "pk": 134, "fields": {"qty": 1, "type": "TPN", "length": 1630, "width": 1000, "thickness": "10/10", "owner": "Client", "be": 110, "sm_eqv": "0.815000"}}, {"model": "entry.be_line", "pk": 135, "fields": {"qty": 1, "type": "TPG", "length": 2000, "width": 330, "thickness": "40/100", "owner": "Client", "be": 111, "sm_eqv": "0.330000"}}, {"model": "entry.be_line", "pk": 136, "fields": {"qty": 1, "type": "TPG", "length": 2000, "width": 330, "thickness": "40/100", "owner": "Client", "be": 111, "sm_eqv": "0.330000"}}, {"model": "entry.be_line", "pk": 137, "fields": {"qty": 4, "type": "TPN", "length": 2000, "width": 1000, "thickness": "9/10", "owner": "Client", "be": 112, "sm_eqv": "4.000000"}}, {"model": "entry.be_line", "pk": 138, "fields": {"qty": 3, "type": "TPN", "length": 2000, "width": 1000, "thickness": "12/10", "owner": "Client", "be": 113, "sm_eqv": "3.000000"}}, {"model": "entry.invoice", "pk": 1, "fields": {"number": 250, "date": "2023-09-01", "total": 10, "total_sm": 0, "discount": 0, "metal_scrap": "0.00000", "be": 1}}, {"model": "entry.invoice", "pk": 2, "fields": {"number": 251, "date": "2023-09-01", "total": 15, "total_sm": 0, "discount": 0, "metal_scrap": "0.00000", "be": 2}}, {"model": "entry.invoice", "pk": 3, "fields": {"number": 253, "date": "2023-10-02", "total": 15, "total_sm": 0, "discount": 0, "metal_scrap": "0.00000", "be": 4}}, {"model": "entry.invoice", "pk": 4, "fields": {"number": 254, "date": "2023-09-02", "total": 4800, "total_sm": 0, "discount": 0, "metal_scrap": "0.00000", "be": 5}}, {"model": "entry.invoice", "pk": 5, "fields": {"number": 256, "date": "2023-09-02", "total": 39000, "total_sm": 0, "discount": 0, "metal_scrap": "0.00000", "be": 7}}, {"model": "entry.invoice", "pk": 6, "fields": {"number": 257, "date": "2023-10-02", "total": 15000, "total_sm": 0, "discount": 0, "metal_scrap": "0.00000", "be": 8}}, {"model": "entry.invoice", "pk": 7, "fields": {"number": 258, "date": "2023-10-10", "total": 1200, "total_sm": 0, "discount": 0, "metal_scrap": "0.00000", "be": 9}}, {"model": "entry.invoice", "pk": 8, "fields": {"number": 259, "date": "2023-09-04", "total": 12000, "total_sm": 0, "discount": 0, "metal_scrap": "0.00000", "be": 10}}, {"model": "entry.invoice", "pk": 9, "fields": {"number": 260, "date": "2023-09-04", "total": 30000, "total_sm": 0, "discount": 0, "metal_scrap": "0.00000", "be": 11}}, {"model": "entry.invoice", "pk": 10, "fields": {"number": 261, "date": "2023-09-04", "total": 39000, "total_sm": 0, "discount": 0, "metal_scrap": "0.00000", "be": 12}}, {"model": "entry.invoice", "pk": 11, "fields": {"number": 262, "date": "2023-09-04", "total": 23500, "total_sm": 0, "discount": 0, "metal_scrap": "0.00000", "be": 13}}, {"model": "entry.invoice", "pk": 12, "fields": {"number": 263, "date": "2023-09-05", "total": 39000, "total_sm": 0, "discount": 0, "metal_scrap": "0.00000", "be": 14}}, {"model": "entry.invoice", "pk": 13, "fields": {"number": 265, "date": "2023-09-05", "total": 12000, "total_sm": 0, "discount": 0, "metal_scrap": "0.00000", "be": 15}}, {"model": "entry.invoice", "pk": 14, "fields": {"number": 264, "date": "2023-09-05", "total": 15000, "total_sm": 0, "discount": 0, "metal_scrap": "0.00000", "be": 16}}, {"model": "entry.invoice", "pk": 15, "fields": {"number": 266, "date": "2023-09-07", "total": 16800, "total_sm": 0, "discount": 0, "metal_scrap": "0.00000", "be": 17}}, {"model": "entry.invoice", "pk": 16, "fields": {"number": 267, "date": "2023-09-07", "total": 12000, "total_sm": 0, "discount": 0, "metal_scrap": "0.00000", "be": 18}}, {"model": "entry.invoice", "pk": 17, "fields": {"number": 268, "date": "2023-09-08", "total": 7200, "total_sm": 0, "discount": 0, "metal_scrap": "0.00000", "be": 19}}, {"model": "entry.invoice", "pk": 18, "fields": {"number": 269, "date": "2023-09-08", "total": 1200, "total_sm": 0, "discount": 0, "metal_scrap": "0.00000", "be": 20}}, {"model": "entry.invoice", "pk": 19, "fields": {"number": 270, "date": "2023-10-11", "total": 12000, "total_sm": 0, "discount": 0, "metal_scrap": "0.00000", "be": 21}}, {"model": "entry.invoice", "pk": 20, "fields": {"number": 271, "date": "2023-09-09", "total": 8400, "total_sm": 0, "discount": 0, "metal_scrap": "0.00000", "be": 22}}, {"model": "entry.invoice", "pk": 21, "fields": {"number": 272, "date": "2023-09-11", "total": 15000, "total_sm": 0, "discount": 0, "metal_scrap": "0.00000", "be": 23}}, {"model": "entry.invoice", "pk": 22, "fields": {"number": 273, "date": "2023-09-11", "total": 8300, "total_sm": 0, "discount": 0, "metal_scrap": "0.00000", "be": 24}}, {"model": "entry.invoice", "pk": 23, "fields": {"number": 274, "date": "2023-09-11", "total": 20000, "total_sm": 0, "discount": 0, "metal_scrap": "0.00000", "be": 25}}, {"model": "entry.invoice", "pk": 24, "fields": {"number": 275, "date": "2023-10-12", "total": 72000, "total_sm": 0, "discount": 0, "metal_scrap": "0.00000", "be": 26}}, {"model": "entry.invoice", "pk": 25, "fields": {"number": 276, "date": "2023-09-12", "total": 8000, "total_sm": 0, "discount": 0, "metal_scrap": "0.00000", "be": 27}}, {"model": "entry.invoice", "pk": 26, "fields": {"number": 277, "date": "2023-09-12", "total": 19800, "total_sm": 0, "discount": 0, "metal_scrap": "0.00000", "be": 28}}, {"model": "entry.invoice", "pk": 27, "fields": {"number": 278, "date": "2023-10-13", "total": 12000, "total_sm": 0, "discount": 0, "metal_scrap": "0.00000", "be": 29}}, {"model": "entry.invoice", "pk": 28, "fields": {"number": 279, "date": "2023-10-13", "total": 5400, "total_sm": 392000, "discount": 14800, "metal_scrap": "0.00000", "be": 30}}, {"model": "entry.invoice", "pk": 29, "fields": {"number": 280, "date": "2023-09-14", "total": 120000, "total_sm": 0, "discount": 0, "metal_scrap": "0.00000", "be": 31}}, {"model": "entry.invoice", "pk": 30, "fields": {"number": 281, "date": "2023-09-15", "total": 15000, "total_sm": 0, "discount": 0, "metal_scrap": "0.00000", "be": 32}}, {"model": "entry.invoice", "pk": 31, "fields": {"number": 282, "date": "2023-09-15", "total": 13500, "total_sm": 0, "discount": 0, "metal_scrap": "0.00000", "be": 33}}, {"model": "entry.invoice", "pk": 32, "fields": {"number": 283, "date": "2023-09-15", "total": 15000, "total_sm": 0, "discount": 0, "metal_scrap": "0.00000", "be": 34}}, {"model": "entry.invoice", "pk": 33, "fields": {"number": 284, "date": "2023-09-15", "total": 15000, "total_sm": 0, "discount": 0, "metal_scrap": "0.00000", "be": 35}}, {"model": "entry.invoice", "pk": 34, "fields": {"number": 285, "date": "2023-09-16", "total": 3000, "total_sm": 0, "discount": 0, "metal_scrap": "0.00000", "be": 36}}, {"model": "entry.invoice", "pk": 35, "fields": {"number": 286, "date": "2023-09-16", "total": 37600, "total_sm": 0, "discount": 0, "metal_scrap": "0.00000", "be": 37}}, {"model": "entry.invoice", "pk": 36, "fields": {"number": 287, "date": "2023-09-16", "total": 12000, "total_sm": 0, "discount": 0, "metal_scrap": "0.00000", "be": 38}}, {"model": "entry.invoice", "pk": 37, "fields": {"number": 288, "date": "2023-09-16", "total": 13500, "total_sm": 0, "discount": 0, "metal_scrap": "0.00000", "be": 39}}, {"model": "entry.invoice", "pk": 38, "fields": {"number": 289, "date": "2023-09-16", "total": 19000, "total_sm": 0, "discount": 0, "metal_scrap": "0.00000", "be": 40}}, {"model": "entry.invoice", "pk": 39, "fields": {"number": 290, "date": "2023-09-18", "total": 6000, "total_sm": 93000, "discount": 3700, "metal_scrap": "0.00000", "be": 41}}, {"model": "entry.invoice", "pk": 40, "fields": {"number": 291, "date": "2023-09-18", "total": 20000, "total_sm": 0, "discount": 0, "metal_scrap": "0.00000", "be": 42}}, {"model": "entry.invoice", "pk": 41, "fields": {"number": 292, "date": "2023-09-18", "total": 12000, "total_sm": 0, "discount": 0, "metal_scrap": "0.00000", "be": 43}}, {"model": "entry.invoice", "pk": 42, "fields": {"number": 293, "date": "2023-09-18", "total": 13000, "total_sm": 0, "discount": 0, "metal_scrap": "0.00000", "be": 44}}, {"model": "entry.invoice", "pk": 43, "fields": {"number": 294, "date": "2023-09-18", "total": 12000, "total_sm": 0, "discount": 0, "metal_scrap": "0.00000", "be": 45}}, {"model": "entry.invoice", "pk": 44, "fields": {"number": 295, "date": "2023-09-19", "total": 2400, "total_sm": 0, "discount": 0, "metal_scrap": "0.00000", "be": 46}}, {"model": "entry.invoice", "pk": 45, "fields": {"number": 296, "date": "2023-09-20", "total": 12000, "total_sm": 0, "discount": 0, "metal_scrap": "0.00000", "be": 47}}, {"model": "entry.invoice", "pk": 46, "fields": {"number": 297, "date": "2023-09-21", "total": 12000, "total_sm": 0, "discount": 0, "metal_scrap": "0.00000", "be": 48}}, {"model": "entry.invoice", "pk": 47, "fields": {"number": 298, "date": "2023-09-21", "total": 36000, "total_sm": 186000, "discount": 7400, "metal_scrap": "0.00000", "be": 49}}, {"model": "entry.invoice", "pk": 48, "fields": {"number": 299, "date": "2023-09-21", "total": 7200, "total_sm": 0, "discount": 0, "metal_scrap": "0.00000", "be": 50}}, {"model": "entry.invoice", "pk": 49, "fields": {"number": 300, "date": "2023-09-21", "total": 14000, "total_sm": 0, "discount": 0, "metal_scrap": "0.00000", "be": 51}}, {"model": "entry.invoice", "pk": 50, "fields": {"number": 301, "date": "2023-09-21", "total": 20000, "total_sm": 0, "discount": 0, "metal_scrap": "0.00000", "be": 52}}, {"model": "entry.invoice", "pk": 51, "fields": {"number": 302, "date": "2023-09-21", "total": 13500, "total_sm": 0, "discount": 0, "metal_scrap": "0.00000", "be": 53}}, {"model": "entry.invoice", "pk": 52, "fields": {"number": 303, "date": "2023-09-22", "total": 7000, "total_sm": 0, "discount": 0, "metal_scrap": "0.00000", "be": 54}}, {"model": "entry.invoice", "pk": 53, "fields": {"number": 304, "date": "2023-09-23", "total": 43500, "total_sm": 0, "discount": 0, "metal_scrap": "0.00000", "be": 55}}, {"model": "entry.invoice", "pk": 54, "fields": {"number": 305, "date": "2023-09-25", "total": 20000, "total_sm": 0, "discount": 0, "metal_scrap": "0.00000", "be": 56}}, {"model": "entry.invoice", "pk": 55, "fields": {"number": 306, "date": "2023-09-25", "total": 15000, "total_sm": 0, "discount": 0, "metal_scrap": "0.00000", "be": 57}}, {"model": "entry.invoice", "pk": 56, "fields": {"number": 308, "date": "2023-09-26", "total": 13500, "total_sm": 0, "discount": 0, "metal_scrap": "0.00000", "be": 59}}, {"model": "entry.invoice", "pk": 57, "fields": {"number": 309, "date": "2023-09-26", "total": 7800, "total_sm": 0, "discount": 0, "metal_scrap": "0.00000", "be": 60}}, {"model": "entry.invoice", "pk": 58, "fields": {"number": 310, "date": "2023-09-27", "total": 2400, "total_sm": 0, "discount": 0, "metal_scrap": "0.00000", "be": 62}}, {"model": "entry.invoice", "pk": 59, "fields": {"number": 312, "date": "2023-09-28", "total": 13500, "total_sm": 0, "discount": 0, "metal_scrap": "0.00000", "be": 63}}, {"model": "entry.invoice", "pk": 60, "fields": {"number": 313, "date": "2023-09-28", "total": 6000, "total_sm": 0, "discount": 0, "metal_scrap": "0.00000", "be": 64}}, {"model": "entry.invoice", "pk": 61, "fields": {"number": 314, "date": "2023-09-28", "total": 13500, "total_sm": 0, "discount": 0, "metal_scrap": "0.00000", "be": 65}}, {"model": "entry.invoice", "pk": 62, "fields": {"number": 315, "date": "2023-09-28", "total": 99000, "total_sm": 0, "discount": 0, "metal_scrap": "0.00000", "be": 66}}, {"model": "entry.invoice", "pk": 63, "fields": {"number": 316, "date": "2023-09-28", "total": 4800, "total_sm": 0, "discount": 0, "metal_scrap": "0.00000", "be": 67}}, {"model": "entry.invoice", "pk": 64, "fields": {"number": 317, "date": "2023-09-28", "total": 13000, "total_sm": 0, "discount": 0, "metal_scrap": "0.00000", "be": 68}}, {"model": "entry.invoice", "pk": 65, "fields": {"number": 318, "date": "2023-09-29", "total": 15000, "total_sm": 98000, "discount": 0, "metal_scrap": "0.00000", "be": 69}}, {"model": "entry.invoice", "pk": 66, "fields": {"number": 319, "date": "2023-09-29", "total": 13500, "total_sm": 0, "discount": 0, "metal_scrap": "0.00000", "be": 70}}, {"model": "entry.invoice", "pk": 67, "fields": {"number": 320, "date": "2023-09-29", "total": 13500, "total_sm": 0, "discount": 0, "metal_scrap": "0.00000", "be": 71}}, {"model": "entry.invoice", "pk": 68, "fields": {"number": 321, "date": "2023-09-29", "total": 13500, "total_sm": 0, "discount": 0, "metal_scrap": "0.00000", "be": 72}}, {"model": "entry.invoice", "pk": 69, "fields": {"number": 322, "date": "2023-09-30", "total": 15000, "total_sm": 0, "discount": 0, "metal_scrap": "0.00000", "be": 73}}, {"model": "entry.invoice", "pk": 70, "fields": {"number": 323, "date": "2023-10-02", "total": 24000, "total_sm": 0, "discount": 0, "metal_scrap": "0.00000", "be": 74}}, {"model": "entry.invoice", "pk": 71, "fields": {"number": 324, "date": "2023-10-03", "total": 31200, "total_sm": 0, "discount": 0, "metal_scrap": "0.00000", "be": 75}}, {"model": "entry.invoice", "pk": 72, "fields": {"number": 325, "date": "2023-10-03", "total": 6400, "total_sm": 0, "discount": 0, "metal_scrap": "0.00000", "be": 76}}, {"model": "entry.invoice", "pk": 73, "fields": {"number": 326, "date": "2023-10-03", "total": 100000, "total_sm": 0, "discount": 0, "metal_scrap": "0.00000", "be": 77}}, {"model": "entry.invoice", "pk": 74, "fields": {"number": 327, "date": "2023-10-04", "total": 15000, "total_sm": 0, "discount": 0, "metal_scrap": "0.00000", "be": 78}}, {"model": "entry.invoice", "pk": 75, "fields": {"number": 328, "date": "2023-10-06", "total": 29200, "total_sm": 0, "discount": 0, "metal_scrap": "0.00000", "be": 79}}, {"model": "entry.invoice", "pk": 76, "fields": {"number": 331, "date": "2023-10-06", "total": 30000, "total_sm": 0, "discount": 0, "metal_scrap": "0.00000", "be": 82}}, {"model": "entry.invoice", "pk": 77, "fields": {"number": 332, "date": "2023-10-07", "total": 80000, "total_sm": 0, "discount": 0, "metal_scrap": "0.00000", "be": 83}}, {"model": "entry.invoice", "pk": 78, "fields": {"number": 333, "date": "2023-10-09", "total": 60000, "total_sm": 0, "discount": 0, "metal_scrap": "0.00000", "be": 84}}, {"model": "entry.invoice", "pk": 79, "fields": {"number": 334, "date": "2023-10-09", "total": 30200, "total_sm": 0, "discount": 0, "metal_scrap": "0.00000", "be": 85}}, {"model": "entry.invoice", "pk": 80, "fields": {"number": 335, "date": "2023-10-07", "total": 12000, "total_sm": 100000, "discount": 0, "metal_scrap": "0.00000", "be": 86}}, {"model": "entry.invoice", "pk": 81, "fields": {"number": 337, "date": "2023-10-11", "total": 18000, "total_sm": 0, "discount": 0, "metal_scrap": "0.00000", "be": 88}}, {"model": "entry.invoice", "pk": 82, "fields": {"number": 338, "date": "2023-10-12", "total": 15000, "total_sm": 0, "discount": 0, "metal_scrap": "0.00000", "be": 89}}, {"model": "entry.invoice", "pk": 83, "fields": {"number": 339, "date": "2023-10-12", "total": 17000, "total_sm": 0, "discount": 0, "metal_scrap": "0.00000", "be": 90}}, {"model": "entry.invoice", "pk": 84, "fields": {"number": 340, "date": "2023-10-13", "total": 27000, "total_sm": 0, "discount": 0, "metal_scrap": "0.00000", "be": 91}}, {"model": "entry.invoice", "pk": 85, "fields": {"number": 341, "date": "2023-10-14", "total": 1800, "total_sm": 0, "discount": 0, "metal_scrap": "0.10000", "be": 92}}, {"model": "entry.invoice", "pk": 86, "fields": {"number": 342, "date": "2023-10-14", "total": 12000, "total_sm": 0, "discount": 0, "metal_scrap": "0.00000", "be": 93}}, {"model": "entry.invoice", "pk": 87, "fields": {"number": 343, "date": "2023-10-14", "total": 600, "total_sm": 0, "discount": 0, "metal_scrap": "0.00000", "be": 94}}, {"model": "entry.invoice", "pk": 88, "fields": {"number": 344, "date": "2023-10-14", "total": 75000, "total_sm": 0, "discount": 0, "metal_scrap": "0.00000", "be": 95}}, {"model": "entry.invoice", "pk": 89, "fields": {"number": 345, "date": "2023-10-14", "total": 27000, "total_sm": 0, "discount": 0, "metal_scrap": "0.05200", "be": 96}}, {"model": "entry.invoice", "pk": 90, "fields": {"number": 350, "date": "2023-10-18", "total": 6400, "total_sm": 0, "discount": 0, "metal_scrap": "0.00000", "be": 101}}, {"model": "entry.invoice", "pk": 91, "fields": {"number": 349, "date": "2023-10-17", "total": 12000, "total_sm": 0, "discount": 0, "metal_scrap": "0.00000", "be": 100}}, {"model": "entry.invoice", "pk": 92, "fields": {"number": 307, "date": "2023-09-25", "total": 37800, "total_sm": 0, "discount": 0, "metal_scrap": "0.11000", "be": 102}}, {"model": "entry.invoice", "pk": 93, "fields": {"number": 329, "date": "2023-10-06", "total": 40000, "total_sm": 0, "discount": 0, "metal_scrap": "0.20000", "be": 103}}, {"model": "entry.invoice", "pk": 94, "fields": {"number": 346, "date": "2023-10-17", "total": 15000, "total_sm": 0, "discount": 0, "metal_scrap": "0.00000", "be": 105}}, {"model": "entry.invoice", "pk": 95, "fields": {"number": 347, "date": "2023-10-17", "total": 17500, "total_sm": 0, "discount": 0, "metal_scrap": "0.04000", "be": 106}}, {"model": "entry.invoice", "pk": 96, "fields": {"number": 351, "date": "2023-10-19", "total": 30000, "total_sm": 0, "discount": 0, "metal_scrap": "0.07500", "be": 109}}, {"model": "entry.invoice", "pk": 97, "fields": {"number": 352, "date": "2023-10-19", "total": 12000, "total_sm": 0, "discount": 0, "metal_scrap": "0.14000", "be": 110}}, {"model": "entry.invoice", "pk": 98, "fields": {"number": 353, "date": "2023-10-19", "total": 54000, "total_sm": 0, "discount": 0, "metal_scrap": "0.00000", "be": 112}}, {"model": "entry.invoice", "pk": 99, "fields": {"number": 354, "date": "2023-10-19", "total": 45000, "total_sm": 0, "discount": 0, "metal_scrap": "0.00000", "be": 113}}, {"model": "entry.invoiceline", "pk": 1, "fields": {"qty": 10, "item": "Persienne", "unit_price": 1000, "fini": 30, "dvlp": 100, "height": 1000, "description": "D100 x 1000", "invoice": 1, "be_line": 1}}, {"model": "entry.invoiceline", "pk": 2, "fields": {"qty": 1, "item": "Panneau Diamant", "unit_price": 4000, "fini": 730, "dvlp": 758, "height": 910, "description": "B15 730x910", "invoice": 83, "be_line": 112}}, {"model": "entry.invoiceline", "pk": 3, "fields": {"qty": 2, "item": "Persienne", "unit_price": 1500, "fini": 30, "dvlp": 100, "height": 2000, "description": "D100x2000", "invoice": 83, "be_line": 112}}, {"model": "entry.invoiceline", "pk": 4, "fields": {"qty": 10, "item": "Persienne", "unit_price": 1000, "fini": 30, "dvlp": 81, "height": 1000, "description": "D100x1000", "invoice": 83, "be_line": 112}}, {"model": "entry.invoiceline", "pk": 5, "fields": {"qty": 1, "item": "Forme V", "unit_price": 15000, "fini": 1880, "dvlp": 2000, "height": 1000, "description": "V15 75-100", "invoice": 82, "be_line": 110}}, {"model": "entry.invoiceline", "pk": 6, "fields": {"qty": 1, "item": "Persienne", "unit_price": 1500, "fini": 20, "dvlp": 97, "height": 2000, "description": "T", "invoice": 81, "be_line": 106}}, {"model": "entry.invoiceline", "pk": 7, "fields": {"qty": 1, "item": "Persienne", "unit_price": 1500, "fini": 20, "dvlp": 93, "height": 2000, "description": null, "invoice": 81, "be_line": 107}}, {"model": "entry.invoiceline", "pk": 8, "fields": {"qty": 2, "item": "Persienne", "unit_price": 1500, "fini": 20, "dvlp": 100, "height": 2000, "description": null, "invoice": 81, "be_line": 105}}, {"model": "entry.invoiceline", "pk": 9, "fields": {"qty": 1, "item": "Forme V", "unit_price": 6000, "fini": 515, "dvlp": 554, "height": 2000, "description": null, "invoice": 81, "be_line": 109}}, {"model": "entry.invoiceline", "pk": 10, "fields": {"qty": 1, "item": "Forme V", "unit_price": 6000, "fini": 515, "dvlp": 554, "height": 1090, "description": "V15 85-130 B10", "invoice": 81, "be_line": 108}}, {"model": "entry.invoiceline", "pk": 11, "fields": {"qty": 1, "item": "Forme v", "unit_price": 6000, "fini": 1942, "dvlp": 2000, "height": 430, "description": "V10 40-100", "invoice": 80, "be_line": 103}}, {"model": "entry.invoiceline", "pk": 12, "fields": {"qty": 1, "item": "Forme V", "unit_price": 12000, "fini": 705, "dvlp": 7801300, "height": 1300, "description": "705 1300", "invoice": 2, "be_line": 112}}, {"model": "entry.invoiceline", "pk": 13, "fields": {"qty": 1, "item": "Forme v", "unit_price": 6000, "fini": 340, "dvlp": 375, "height": 2000, "description": "V10 85-100", "invoice": 80, "be_line": 103}}, {"model": "entry.invoiceline", "pk": 14, "fields": {"qty": 1, "item": "Ridèl", "unit_price": 600, "fini": 400, "dvlp": 410, "height": 2000, "description": "400 2000", "invoice": 79, "be_line": 102}}, {"model": "entry.invoiceline", "pk": 15, "fields": {"qty": 1, "item": "Forme V", "unit_price": 12000, "fini": 920, "dvlp": 1000, "height": 2000, "description": "V15 75-100 B20", "invoice": 78, "be_line": 99}}, {"model": "entry.invoiceline", "pk": 16, "fields": {"qty": 1, "item": "Ridèl", "unit_price": 5000, "fini": 400, "dvlp": 410, "height": 394, "description": "400 394", "invoice": 79, "be_line": 102}}, {"model": "entry.invoiceline", "pk": 17, "fields": {"qty": 20, "item": "Persiennes", "unit_price": 1500, "fini": 30, "dvlp": 100, "height": 2000, "description": "D100x2000", "invoice": 78, "be_line": 99}}, {"model": "entry.invoiceline", "pk": 18, "fields": {"qty": 10, "item": "Persiennes", "unit_price": 1000, "fini": 30, "dvlp": 100, "height": 1000, "description": "D100x1000", "invoice": 78, "be_line": 99}}, {"model": "entry.invoiceline", "pk": 19, "fields": {"qty": 1, "item": "Forme V", "unit_price": 8000, "fini": 920, "dvlp": 1000, "height": 1000, "description": "V15 75-100 B15", "invoice": 78, "be_line": 99}}, {"model": "entry.invoiceline", "pk": 20, "fields": {"qty": 2, "item": "Par plie", "unit_price": 800, "fini": 164, "dvlp": 164, "height": 2000, "description": "164 2000", "invoice": 79, "be_line": 102}}, {"model": "entry.invoiceline", "pk": 21, "fields": {"qty": 10, "item": "Persiennes", "unit_price": 1500, "fini": 25, "dvlp": 100, "height": 2000, "description": "D100x2000", "invoice": 76, "be_line": 96}}, {"model": "entry.invoiceline", "pk": 22, "fields": {"qty": 1, "item": "Forme V", "unit_price": 15000, "fini": 1880, "dvlp": 2000, "height": 1000, "description": "V15 105-130", "invoice": 76, "be_line": 96}}, {"model": "entry.invoiceline", "pk": 23, "fields": {"qty": 2, "item": "W", "unit_price": 12000, "fini": 525, "dvlp": 580, "height": 2000, "description": "W15 75-90", "invoice": 75, "be_line": 92}}, {"model": "entry.invoiceline", "pk": 24, "fields": {"qty": 4, "item": "U", "unit_price": 1300, "fini": 72, "dvlp": 130, "height": 2000, "description": "30-70-30", "invoice": 75, "be_line": 92}}, {"model": "entry.invoiceline", "pk": 25, "fields": {"qty": 2, "item": "Par plie", "unit_price": 800, "fini": 55, "dvlp": 121, "height": 2000, "description": "55 2000", "invoice": 47, "be_line": 89}}, {"model": "entry.invoiceline", "pk": 26, "fields": {"qty": 1, "item": "Forme V", "unit_price": 12000, "fini": 705, "dvlp": 780, "height": 1030, "description": "705 1300", "invoice": 52, "be_line": 112}}, {"model": "entry.invoiceline", "pk": 27, "fields": {"qty": 10, "item": "Lame Persiènne", "unit_price": 1500, "fini": 75, "dvlp": 100, "height": 2000, "description": "75 2000", "invoice": 52, "be_line": 112}}, {"model": "entry.invoiceline", "pk": 28, "fields": {"qty": 8, "item": "Par coupe", "unit_price": 600, "fini": 265, "dvlp": 265, "height": 1170, "description": "Par coupe", "invoice": 4, "be_line": 5}}, {"model": "entry.invoiceline", "pk": 29, "fields": {"qty": 2, "item": "Forme V", "unit_price": 15000, "fini": 700, "dvlp": 775, "height": 2000, "description": "V10 85-100", "invoice": 5, "be_line": 9}}, {"model": "entry.invoiceline", "pk": 30, "fields": {"qty": 6, "item": "Persiennes", "unit_price": 1500, "fini": 20, "dvlp": 100, "height": 2000, "description": "D100x2000", "invoice": 5, "be_line": 9}}, {"model": "entry.invoiceline", "pk": 31, "fields": {"qty": 1, "item": "Forme V", "unit_price": 12000, "fini": 705, "dvlp": 780, "height": 1030, "description": "705 1300", "invoice": 84, "be_line": 112}}, {"model": "entry.invoiceline", "pk": 32, "fields": {"qty": 10, "item": "Persiennes", "unit_price": 15000, "fini": 20, "dvlp": 100, "height": 2000, "description": "D100x2000", "invoice": 6, "be_line": 11}}, {"model": "entry.invoiceline", "pk": 33, "fields": {"qty": 2, "item": "Par coupe", "unit_price": 600, "fini": 500, "dvlp": 500, "height": 2000, "description": "500x2000", "invoice": 7, "be_line": 12}}, {"model": "entry.invoiceline", "pk": 34, "fields": {"qty": 10, "item": "Persiènne", "unit_price": 1500, "fini": 75, "dvlp": 100, "height": 2000, "description": "75 2000", "invoice": 84, "be_line": 112}}, {"model": "entry.invoiceline", "pk": 35, "fields": {"qty": 1, "item": "Forme V", "unit_price": 12000, "fini": 930, "dvlp": 1000, "height": 2000, "description": "V15 95-100", "invoice": 8, "be_line": 13}}, {"model": "entry.invoiceline", "pk": 36, "fields": {"qty": 10, "item": "Persiennes", "unit_price": 1500, "fini": 30, "dvlp": 100, "height": 2000, "description": "D100x2000", "invoice": 9, "be_line": 14}}, {"model": "entry.invoiceline", "pk": 37, "fields": {"qty": 2, "item": "Forme V", "unit_price": 15000, "fini": 1950, "dvlp": 2000, "height": 700, "description": null, "invoice": 10, "be_line": 15}}, {"model": "entry.invoiceline", "pk": 38, "fields": {"qty": 1, "item": "Plancher", "unit_price": 6000, "fini": 392, "dvlp": 410, "height": 2000, "description": "392 2000", "invoice": 22, "be_line": 100}}, {"model": "entry.invoiceline", "pk": 39, "fields": {"qty": 6, "item": "Persiennes", "unit_price": 1500, "fini": 20, "dvlp": 100, "height": 2000, "description": "D100x2000", "invoice": 10, "be_line": 15}}, {"model": "entry.invoiceline", "pk": 40, "fields": {"qty": 1, "item": "Plancher", "unit_price": 5000, "fini": 392, "dvlp": 410, "height": 594, "description": "392 594", "invoice": 22, "be_line": 100}}, {"model": "entry.invoiceline", "pk": 41, "fields": {"qty": 1, "item": "Forme V", "unit_price": 6000, "fini": 375, "dvlp": 450, "height": 2000, "description": "V15 85x2000", "invoice": 11, "be_line": 16}}, {"model": "entry.invoiceline", "pk": 42, "fields": {"qty": 21, "item": "Par plie", "unit_price": 800, "fini": 164, "dvlp": 164, "height": 2000, "description": "164 2000", "invoice": 22, "be_line": 102}}, {"model": "entry.invoiceline", "pk": 43, "fields": {"qty": 4, "item": "Par coupe", "unit_price": 600, "fini": 163, "dvlp": 163, "height": 2000, "description": "163 2000", "invoice": 22, "be_line": 101}}, {"model": "entry.invoiceline", "pk": 44, "fields": {"qty": 1, "item": "Forme V", "unit_price": 12000, "fini": 953, "dvlp": 1000, "height": 1593, "description": "V15 95-100", "invoice": 86, "be_line": 121}}, {"model": "entry.invoiceline", "pk": 45, "fields": {"qty": 10, "item": "Persiènne", "unit_price": 1500, "fini": 75, "dvlp": 100, "height": 2000, "description": "Persienne", "invoice": 69, "be_line": 86}}, {"model": "entry.invoiceline", "pk": 46, "fields": {"qty": 1, "item": "Forme V", "unit_price": 12000, "fini": 8302000, "dvlp": 9002000, "height": 2000, "description": "Forme v", "invoice": 68, "be_line": 85}}, {"model": "entry.invoiceline", "pk": 47, "fields": {"qty": 1, "item": "Persiènne", "unit_price": 1500, "fini": 75, "dvlp": 100, "height": 2000, "description": "Persienne", "invoice": 68, "be_line": 85}}, {"model": "entry.invoiceline", "pk": 48, "fields": {"qty": 1, "item": "Forme V", "unit_price": 12000, "fini": 7802000, "dvlp": 8802000, "height": 2000, "description": "Forme v", "invoice": 67, "be_line": 84}}, {"model": "entry.invoiceline", "pk": 49, "fields": {"qty": 1, "item": "Persiènne", "unit_price": 1500, "fini": 75, "dvlp": 100, "height": 2000, "description": "Persienne", "invoice": 67, "be_line": 84}}, {"model": "entry.invoiceline", "pk": 50, "fields": {"qty": 1, "item": "Forme V", "unit_price": 12000, "fini": 830, "dvlp": 9002000, "height": 2000, "description": "Forme v", "invoice": 66, "be_line": 83}}, {"model": "entry.invoiceline", "pk": 51, "fields": {"qty": 1, "item": "Persiènne", "unit_price": 1500, "fini": 75, "dvlp": 100, "height": 2000, "description": "Persienne", "invoice": 66, "be_line": 83}}, {"model": "entry.invoiceline", "pk": 52, "fields": {"qty": 1, "item": "Forme V", "unit_price": 15000, "fini": 1880, "dvlp": 2000, "height": 1000, "description": "Forme v", "invoice": 65, "be_line": 82}}, {"model": "entry.invoiceline", "pk": 53, "fields": {"qty": 1, "item": "Forme V", "unit_price": 6000, "fini": 888, "dvlp": 1000, "height": 1315, "description": "Forme v", "invoice": 64, "be_line": 81}}, {"model": "entry.invoiceline", "pk": 54, "fields": {"qty": 7, "item": "Persiènne", "unit_price": 1000, "fini": 751000, "dvlp": 1001000, "height": 1000, "description": "Persienne", "invoice": 64, "be_line": 81}}, {"model": "entry.invoiceline", "pk": 55, "fields": {"qty": 75, "item": "Extensible", "unit_price": 1000, "fini": 16, "dvlp": 39, "height": 2000, "description": "Extensible", "invoice": 88, "be_line": 119}}, {"model": "entry.invoiceline", "pk": 56, "fields": {"qty": 1, "item": "Ridelle", "unit_price": 12000, "fini": 930, "dvlp": 1000, "height": 2000, "description": "B15", "invoice": 91, "be_line": 113}}, {"model": "entry.invoiceline", "pk": 57, "fields": {"qty": 2, "item": "Par plie", "unit_price": 600, "fini": 300, "dvlp": 700, "height": 2000, "description": "Par plie", "invoice": 63, "be_line": 80}}, {"model": "entry.invoiceline", "pk": 58, "fields": {"qty": 1, "item": "Forme V", "unit_price": 12000, "fini": 969, "dvlp": 1000, "height": 2000, "description": "V15", "invoice": 89, "be_line": 118}}, {"model": "entry.invoiceline", "pk": 59, "fields": {"qty": 1, "item": "Forme V", "unit_price": 15000, "fini": 1920, "dvlp": 2000, "height": 1000, "description": "Forme v", "invoice": 62, "be_line": 79}}, {"model": "entry.invoiceline", "pk": 60, "fields": {"qty": 7, "item": "Forme V", "unit_price": 12000, "fini": 960, "dvlp": 1000, "height": 2000, "description": "Forme v", "invoice": 62, "be_line": 79}}, {"model": "entry.invoiceline", "pk": 61, "fields": {"qty": 1, "item": "Forme V", "unit_price": 12000, "fini": 690, "dvlp": 748, "height": 2000, "description": "V15", "invoice": 89, "be_line": 118}}, {"model": "entry.invoiceline", "pk": 62, "fields": {"qty": 10, "item": "Persiènne", "unit_price": 1500, "fini": 75, "dvlp": 100, "height": 2000, "description": "Persienne", "invoice": 90, "be_line": 123}}, {"model": "entry.invoiceline", "pk": 63, "fields": {"qty": 2, "item": "Persiennes", "unit_price": 1500, "fini": 20, "dvlp": 20, "height": 2000, "description": null, "invoice": 89, "be_line": 118}}, {"model": "entry.invoiceline", "pk": 64, "fields": {"qty": 1, "item": "Forme V", "unit_price": 12000, "fini": 840, "dvlp": 900, "height": 2000, "description": "Forme v", "invoice": 61, "be_line": 78}}, {"model": "entry.invoiceline", "pk": 65, "fields": {"qty": 1, "item": "Forme V", "unit_price": 12000, "fini": 830, "dvlp": 900, "height": 2000, "description": "Forme v", "invoice": 61, "be_line": 79}}, {"model": "entry.invoiceline", "pk": 66, "fields": {"qty": 1, "item": "Par coupe", "unit_price": 600, "fini": 300, "dvlp": 326, "height": 2000, "description": null, "invoice": 87, "be_line": 120}}, {"model": "entry.invoiceline", "pk": 67, "fields": {"qty": 1, "item": "Panneau Simple", "unit_price": 3000, "fini": 640, "dvlp": 674, "height": 850, "description": "Panneau.Simple", "invoice": 60, "be_line": 77}}, {"model": "entry.invoiceline", "pk": 68, "fields": {"qty": 3, "item": "Par coupe", "unit_price": 600, "fini": 300, "dvlp": 300, "height": 2000, "description": null, "invoice": 85, "be_line": 122}}, {"model": "entry.invoiceline", "pk": 69, "fields": {"qty": 1, "item": "Panneau Simple", "unit_price": 3000, "fini": 639, "dvlp": 676, "height": 850, "description": "Panneau.Simple", "invoice": 60, "be_line": 77}}, {"model": "entry.invoiceline", "pk": 70, "fields": {"qty": 1, "item": "Par plie", "unit_price": 600, "fini": 200, "dvlp": 600, "height": 2000, "description": "Par plie", "invoice": 57, "be_line": 73}}, {"model": "entry.invoiceline", "pk": 71, "fields": {"qty": 2, "item": "Par plie", "unit_price": 600, "fini": 230, "dvlp": 630, "height": 404, "description": "Par plie", "invoice": 57, "be_line": 73}}, {"model": "entry.invoiceline", "pk": 72, "fields": {"qty": 1, "item": "Forme V", "unit_price": 6000, "fini": 430, "dvlp": 480, "height": 2000, "description": "Par plie", "invoice": 56, "be_line": 72}}, {"model": "entry.invoiceline", "pk": 73, "fields": {"qty": 5, "item": "Persiènne", "unit_price": 1500, "fini": 75, "dvlp": 100, "height": 2000, "description": "Persienne", "invoice": 56, "be_line": 72}}, {"model": "entry.invoiceline", "pk": 74, "fields": {"qty": 1, "item": "Forme V", "unit_price": 6000, "fini": 430, "dvlp": 480, "height": 2000, "description": "Forme v", "invoice": 53, "be_line": 66}}, {"model": "entry.invoiceline", "pk": 75, "fields": {"qty": 5, "item": "Persiènne", "unit_price": 1500, "fini": 75, "dvlp": 100, "height": 2000, "description": "Persienne", "invoice": 53, "be_line": 66}}, {"model": "entry.invoiceline", "pk": 76, "fields": {"qty": 2, "item": "Forme V", "unit_price": 15000, "fini": 1880, "dvlp": 2000, "height": 1000, "description": "Forme v", "invoice": 53, "be_line": 66}}, {"model": "entry.invoiceline", "pk": 77, "fields": {"qty": 4, "item": "Habeillage", "unit_price": 4000, "fini": 380, "dvlp": 500, "height": 2000, "description": "Habeillage", "invoice": 54, "be_line": 67}}, {"model": "entry.invoiceline", "pk": 78, "fields": {"qty": 1, "item": "Forme V", "unit_price": 15000, "fini": 1870, "dvlp": 2000, "height": 1000, "description": "Forme v", "invoice": 55, "be_line": 68}}, {"model": "entry.invoiceline", "pk": 79, "fields": {"qty": 1, "item": "Forme V", "unit_price": 6000, "fini": 430, "dvlp": 480, "height": 2000, "description": "Forme v", "invoice": 51, "be_line": 64}}, {"model": "entry.invoiceline", "pk": 80, "fields": {"qty": 5, "item": "Persiènne", "unit_price": 1500, "fini": 75, "dvlp": 100, "height": 2000, "description": "Persienne", "invoice": 51, "be_line": 64}}, {"model": "entry.invoiceline", "pk": 81, "fields": {"qty": 4, "item": "Habeillage", "unit_price": 4000, "fini": 380, "dvlp": 500, "height": 2000, "description": "Habeillage", "invoice": 50, "be_line": 63}}, {"model": "entry.invoiceline", "pk": 82, "fields": {"qty": 2, "item": "Forme V", "unit_price": 6000, "fini": 430, "dvlp": 480, "height": 1200, "description": "Forme v", "invoice": 49, "be_line": 62}}, {"model": "entry.invoiceline", "pk": 83, "fields": {"qty": 8, "item": "Persiènne", "unit_price": 1000, "fini": 75, "dvlp": 100, "height": 1000, "description": "Persienne", "invoice": 49, "be_line": 62}}, {"model": "entry.invoiceline", "pk": 84, "fields": {"qty": 2, "item": "Par plie", "unit_price": 600, "fini": 135, "dvlp": 330, "height": 2000, "description": "Par plie", "invoice": 48, "be_line": 60}}, {"model": "entry.invoiceline", "pk": 85, "fields": {"qty": 1, "item": "Par plie", "unit_price": 600, "fini": 135, "dvlp": 330, "height": 1700, "description": "Par plie", "invoice": 48, "be_line": 61}}, {"model": "entry.invoiceline", "pk": 86, "fields": {"qty": 1, "item": "Forme V", "unit_price": 12000, "fini": 944, "dvlp": 1000, "height": 2000, "description": "Forme v", "invoice": 46, "be_line": 58}}, {"model": "entry.invoiceline", "pk": 87, "fields": {"qty": 1, "item": "Forme V", "unit_price": 12000, "fini": 944, "dvlp": 1000, "height": 2000, "description": "Forme v", "invoice": 45, "be_line": 57}}, {"model": "entry.banknote", "pk": 1, "fields": {"date": "2023-10-11", "b_20_000": 61, "b_10_000": 70, "b_5_000": 0, "b_2_000": 18, "b_1_000": 0, "b_500": 0, "b_200": 3, "b_100": 1, "total": 1956700}}, {"model": "entry.banknote", "pk": 2, "fields": {"date": "2023-10-09", "b_20_000": 50, "b_10_000": 87, "b_5_000": 2, "b_2_000": 2, "b_1_000": 0, "b_500": 1, "b_200": 1, "b_100": 2, "total": 1884900}}, {"model": "entry.banknote", "pk": 3, "fields": {"date": "2023-10-05", "b_20_000": 41, "b_10_000": 81, "b_5_000": 1, "b_2_000": 6, "b_1_000": 1, "b_500": 0, "b_200": 1, "b_100": 3, "total": 1648500}}, {"model": "entry.banknote", "pk": 4, "fields": {"date": "2023-10-02", "b_20_000": 74, "b_10_000": 2, "b_5_000": 1, "b_2_000": 4, "b_1_000": 0, "b_500": 0, "b_200": 0, "b_100": 0, "total": 1513000}}, {"model": "entry.banknote", "pk": 5, "fields": {"date": "2023-09-28", "b_20_000": 93, "b_10_000": 0, "b_5_000": 7, "b_2_000": 2, "b_1_000": 1, "b_500": 2, "b_200": 1, "b_100": 1, "total": 1901300}}, {"model": "entry.banknote", "pk": 6, "fields": {"date": "2023-09-25", "b_20_000": 83, "b_10_000": 7, "b_5_000": 7, "b_2_000": 5, "b_1_000": 3, "b_500": 5, "b_200": 6, "b_100": 1, "total": 1781800}}, {"model": "entry.banknote", "pk": 7, "fields": {"date": "2023-09-21", "b_20_000": 81, "b_10_000": 8, "b_5_000": 2, "b_2_000": 3, "b_1_000": 1, "b_500": 3, "b_200": 7, "b_100": 1, "total": 1720000}}, {"model": "entry.banknote", "pk": 8, "fields": {"date": "2023-09-18", "b_20_000": 79, "b_10_000": 12, "b_5_000": 1, "b_2_000": 2, "b_1_000": 1, "b_500": 2, "b_200": 1, "b_100": 1, "total": 1711300}}, {"model": "entry.banknote", "pk": 9, "fields": {"date": "2023-09-14", "b_20_000": 81, "b_10_000": 1, "b_5_000": 0, "b_2_000": 1, "b_1_000": 3, "b_500": 0, "b_200": 2, "b_100": 2, "total": 1635600}}, {"model": "entry.banknote", "pk": 10, "fields": {"date": "2023-09-11", "b_20_000": 61, "b_10_000": 0, "b_5_000": 2, "b_2_000": 0, "b_1_000": 0, "b_500": 0, "b_200": 3, "b_100": 2, "total": 1230800}}, {"model": "entry.banknote", "pk": 11, "fields": {"date": "2023-09-07", "b_20_000": 60, "b_10_000": 0, "b_5_000": 0, "b_2_000": 0, "b_1_000": 0, "b_500": 0, "b_200": 1, "b_100": 2, "total": 1200400}}, {"model": "entry.banknote", "pk": 12, "fields": {"date": "2023-09-04", "b_20_000": 50, "b_10_000": 9, "b_5_000": 0, "b_2_000": 2, "b_1_000": 1, "b_500": 0, "b_200": 0, "b_100": 0, "total": 1095000}}, {"model": "entry.banknote", "pk": 13, "fields": {"date": "2023-08-31", "b_20_000": 62, "b_10_000": 33, "b_5_000": 2, "b_2_000": 3, "b_1_000": 4, "b_500": 0, "b_200": 0, "b_100": 1, "total": 1590100}}, {"model": "entry.banknote", "pk": 14, "fields": {"date": "2023-08-28", "b_20_000": 49, "b_10_000": 21, "b_5_000": 1, "b_2_000": 0, "b_1_000": 0, "b_500": 0, "b_200": 0, "b_100": 1, "total": 1195100}}, {"model": "entry.banknote", "pk": 15, "fields": {"date": "2023-08-24", "b_20_000": 43, "b_10_000": 21, "b_5_000": 3, "b_2_000": 0, "b_1_000": 0, "b_500": 0, "b_200": 0, "b_100": 1, "total": 1085100}}, {"model": "entry.banknote", "pk": 16, "fields": {"date": "2023-08-21", "b_20_000": 48, "b_10_000": 4, "b_5_000": 1, "b_2_000": 3, "b_1_000": 7, "b_500": 0, "b_200": 0, "b_100": 3, "total": 1018300}}, {"model": "entry.banknote", "pk": 17, "fields": {"date": "2023-08-17", "b_20_000": 43, "b_10_000": 4, "b_5_000": 1, "b_2_000": 0, "b_1_000": 5, "b_500": 0, "b_200": 0, "b_100": 2, "total": 910200}}, {"model": "entry.banknote", "pk": 18, "fields": {"date": "2023-08-12", "b_20_000": 50, "b_10_000": 11, "b_5_000": 1, "b_2_000": 2, "b_1_000": 1, "b_500": 0, "b_200": 3, "b_100": 3, "total": 1120900}}, {"model": "entry.banknote", "pk": 19, "fields": {"date": "2023-08-07", "b_20_000": 30, "b_10_000": 7, "b_5_000": 1, "b_2_000": 0, "b_1_000": 3, "b_500": 0, "b_200": 1, "b_100": 1, "total": 678300}}, {"model": "entry.banknote", "pk": 20, "fields": {"date": "2023-07-31", "b_20_000": 55, "b_10_000": 7, "b_5_000": 2, "b_2_000": 1, "b_1_000": 1, "b_500": 1, "b_200": 0, "b_100": 2, "total": 1183700}}, {"model": "entry.banknote", "pk": 21, "fields": {"date": "2023-07-22", "b_20_000": 8, "b_10_000": 6, "b_5_000": 0, "b_2_000": 0, "b_1_000": 4, "b_500": 3, "b_200": 4, "b_100": 1, "total": 226400}}, {"model": "entry.banknote", "pk": 22, "fields": {"date": "2023-07-17", "b_20_000": 7, "b_10_000": 26, "b_5_000": 2, "b_2_000": 2, "b_1_000": 7, "b_500": 0, "b_200": 1, "b_100": 3, "total": 421500}}, {"model": "entry.banknote", "pk": 23, "fields": {"date": "2023-10-12", "b_20_000": 62, "b_10_000": 70, "b_5_000": 0, "b_2_000": 16, "b_1_000": 1, "b_500": 0, "b_200": 0, "b_100": 1, "total": 1973100}}, {"model": "entry.banknote", "pk": 24, "fields": {"date": "2023-10-13", "b_20_000": 62, "b_10_000": 72, "b_5_000": 1, "b_2_000": 17, "b_1_000": 0, "b_500": 1, "b_200": 0, "b_100": 1, "total": 1999600}}, {"model": "entry.banknote", "pk": 25, "fields": {"date": "2023-10-18", "b_20_000": 55, "b_10_000": 77, "b_5_000": 1, "b_2_000": 0, "b_1_000": 0, "b_500": 0, "b_200": 1, "b_100": 1, "total": 1875300}}]